σₐ²,σᵤ²,LL,grad_a,grad_u,type,N
1.2151853498501217e-5,3.000944639628446,-293.33391089464817,90.31272588842934,-8.396023644670045,real data,4
1.364260435161029e-8,3.000945760652332,-293.2455696358763,90.59331118278973,-8.366572830033924,real data,4
1.1995277307574446e-10,3.000945761901191,-293.24556931916214,90.59331206939031,-8.366572709700165,real data,4
99.8356512988488,5.514389991099096,-412.96046129588655,1.1739946529335978,2.2705814035945053,real data,4
99.62367363319073,5.083215968850047,-412.14593367639,1.1785670255462195,1.1489996908287452,real data,4
99.15709481803727,4.62908273615776,-411.8470576064156,1.1862223181086629,-0.5465107300364558,real data,4
98.03748617595636,5.212327805193229,-411.84829176367384,1.196571373996137,1.5284236452773836,real data,4
97.70546858788664,4.781268123772763,-411.3803810420541,1.2027218637221773,0.09639104992708525,real data,4
60.1073514454095,2.847314367166188,-411.3748461527381,1.955534137121073,-21.34807907468508,real data,4
59.85621749617118,6.187122368967053,-400.0714904550352,1.9195633510572663,3.4888090098065287,real data,4
59.54644229027479,5.598002851232508,-398.12844542528825,1.936817532397022,2.5270430888356934,real data,4
59.12105545830888,5.033449534955046,-396.87397964631214,1.9577423755523797,1.0743062344327896,real data,4
57.33120740757383,4.085732701520937,-396.87101020886564,2.0301929885787215,-3.5777359368514645,real data,4
56.61842347559276,5.461927020389843,-396.3504332861926,2.034856805291323,2.244043860303325,real data,4
56.06906939488284,4.852489453069364,-395.2005834934548,2.06301842456967,0.4597030966049829,real data,4
50.051666510864,3.659326301836559,-395.1965200397913,2.3233628022736768,-7.347798094405434,real data,4
49.52347149654408,5.505373785816068,-392.60574297625243,2.3123395976921377,2.37023170029029,real data,4
48.86999112533619,4.834557307686345,-391.22875578725717,2.3547600587129938,0.4230583068829752,real data,4
39.17343765808694,3.324652690734968,-391.2218685077037,2.953433953964945,-11.612053820058836,real data,4
38.38048793836307,6.752959600888804,-389.6571057851443,2.9072663778959975,4.181273819986952,real data,4
37.78829364786185,5.8793595289942635,-385.9674445837847,2.9763955642244486,3.1515221485401526,real data,4
37.08554266867374,5.132778973908925,-383.6423983441205,3.0533353541525057,1.4952228186359342,real data,4
34.12713821622047,3.739212438886267,-383.5930180696984,3.3558651049681,-6.404379945631337,real data,4
33.20474395353223,5.633382872947273,-381.61459266074985,3.3679012768744223,2.748365868370474,real data,4
32.06177343673355,4.710746990909043,-379.1846658272161,3.5190111877852557,0.05240301838016492,real data,4
0.0002650298495439074,4.908004339415668,-295.89895234511994,56.50868251996861,6.371610824451075,real data,4
1.9932415829320912e-6,4.90797468038513,-295.89504715563965,56.51600685244748,6.3722735284063425,real data,4
2.9476454646165673e-9,4.907974455976142,-295.8950176047634,56.51606227990103,6.372278543595243,real data,4
1.0354485326784415e-10,4.907974455655465,-295.89501756253566,56.516062359106215,6.372278550762065,real data,4
96.35339069551884,5.370751739078688,-411.61721060914954,1.216143067883673,1.9432336323817179,real data,4
96.09224218197157,4.9394326910233195,-410.9542175643337,1.2216623293048008,0.6836936027008385,real data,4
94.9659397370488,4.332560725701288,-410.9533494899493,1.2390814761597417,-2.0576522242181383,real data,4
94.8142704138445,4.613110319017962,-410.5399221895979,1.2395163712409183,-0.613125550127485,real data,4
93.72473940680645,5.219866486087769,-410.541245566175,1.2503001375368068,1.5549101696806318,real data,4
93.37184046875996,4.774648553132353,-410.0476089131227,1.2573701787226497,0.07590672295903644,real data,4
3.613767077581542e-5,1.7935958493734705,-329.16074934221774,146.2436341299432,-68.45873077577276,real data,4
1.4494303314159068e-7,1.7936126980555978,-329.1582799747439,146.2487472370801,-68.45614887951062,real data,4
3.9089274356705084e-10,1.7936127657175978,-329.15827005772167,146.2487677731482,-68.45613851082857,real data,4
83.85736443506794,4.387904057887937,-407.19546026511404,1.3991839227941065,-1.7273281484820373,real data,4
83.50979938716239,4.8622014162386025,-406.7982407175692,1.4016729901426102,0.4263465252102385,real data,4
80.87419582637247,4.129002202548234,-406.778136406159,1.4515754036233488,-3.330966895782371,real data,4
80.45392162596134,5.206030566542109,-406.05527684455444,1.451021853106087,1.5375938596680534,real data,4
79.97457864860696,4.696237154544225,-405.5145832951924,1.4632872291561676,-0.22436122632599265,real data,4
71.80321381173131,6.243898696218317,-405.51631426483107,1.6110621782173646,3.528008357780891,real data,4
71.56098438328539,5.677142029346141,-403.64925442106124,1.6215112196443184,2.650627288190474,real data,4
71.26219768442134,5.171506873399564,-402.46858064297413,1.6327832631019608,1.4590367298103182,real data,4
70.59491508151062,4.5792802885140516,-401.92460139902886,1.6533840457780815,-0.7259362877143865,real data,4
68.8935903732845,5.417063666742581,-401.92647273513586,1.6847178574588075,2.103501223064434,real data,4
68.47451996948055,4.886355705812046,-401.0166104589959,1.7000335318795607,0.5459292511774549,real data,4
65.96957256009821,4.143670297432426,-400.7662579032106,1.7706860454609572,-3.195997984154559,real data,4
65.38749012467797,5.301029399282968,-400.183402932161,1.773212859587705,1.8264295867167135,real data,4
64.82305871553177,4.718611503745461,-399.3832682992629,1.7946604431005373,-0.09559321792841757,real data,4
0.00029674123804568353,10.030973932872602,-336.3615976081339,28.092099512779146,7.63499113146953,real data,4
4.0213669465346755e-7,10.030893392088617,-336.3589013933765,28.094270221950335,7.635222039087877,real data,4
1.0148892625337134e-9,10.03089328307514,-336.3588977437282,28.094273160413003,7.635222351663826,real data,4
1.0132695080574263e-10,10.03089328282686,-336.35889773541606,28.094273167105467,7.635222352375782,real data,4
49.7363520850223,86.00439941098418,-581.8236335471613,1.397278281822845,1.1347290731422077,real data,4
0.013687463867725569,54.16395752104102,-503.36620572734836,5.263620410134215,2.0667317773201126,real data,4
1.8940632084143982e-5,54.158590602775874,-503.3371195858587,5.26729855879819,2.067253064328872,real data,4
1.0110508919315391e-7,54.15858320883752,-503.33707949234906,5.267303631665874,2.067253783095838,real data,4
2.423443294809672e-10,54.15858316925201,-503.33707927769706,5.267303658824901,2.067253786943964,real data,4
89.72842354009833,4.905870608916473,-408.9247215272901,1.3064406793104617,0.5747077899795414,real data,4
88.2966906369908,4.310150299164486,-408.8601991869367,1.3308596431256594,-2.17940431302139,real data,4
88.15800926275222,4.562433238968737,-408.4394643666138,1.331344669062247,-0.8392045462379727,real data,4
87.21643389694025,5.223940119991022,-408.44104649010154,1.3412262815098057,1.5756610417608865,real data,4
86.81976188410128,4.753064182538801,-407.91298307757137,1.3501933790166774,-0.0008552231967762225,real data,4
6.744828915827839e-5,7.233197529657756,-313.9120275978011,38.7328732286075,8.266934336908676,real data,4
9.650438472472188e-8,7.233183154425134,-313.9112565683075,38.73379026633729,8.267022495730899,real data,4
2.616601030764089e-10,7.233183133883877,-313.9112554665311,38.73379157677298,8.267022621709142,real data,4
100.090843838928,86.11834140111972,-595.7893227463883,0.8805173380700135,1.0793035216861286,real data,4
81.46616030237627,4.147119499528259,-406.9329603733114,1.441123501639349,-3.206888248184409,real data,4
81.04820049745426,5.185088894885208,-406.23852155965017,1.4408212716296172,1.4776338250275423,real data,4
80.54848576282976,4.671796992540686,-405.7305846484625,1.4532983707504614,-0.3301532487819152,real data,4
76.69929369250077,5.703075541879864,-405.73217550537385,1.5160277622184477,2.6888168351522026,real data,4
76.43392902915573,5.2122399907262045,-404.5700172308519,1.5251079620297268,1.5626351411924748,real data,4
75.91480470904344,4.679538902092748,-403.9956149536397,1.5396387065565147,-0.2876840787476702,real data,4
69.94997180563848,6.018473593124063,-403.9973865827805,1.6543232359630573,3.228779328351971,real data,4
69.68987380700997,5.483683479343024,-402.40512909866106,1.6654459484516604,2.2543366762134553,real data,4
69.31407054030822,4.964821269175073,-401.42489410073216,1.6792773619387777,0.8187169590739067,real data,4
67.67369249333822,4.20032789481031,-401.3408040044522,1.7266627064338278,-2.8209755263502494,real data,4
67.08958620407303,5.250821563110755,-400.84044217238676,1.7302334486150623,1.6895513919991139,real data,4
66.48664209131263,4.662902216179263,-400.13266596892254,1.7516911150101098,-0.3375206492626788,real data,4
59.62336820688602,6.236873565498055,-400.13472183422766,1.9260945164825012,3.5523645719693935,real data,4
59.313794650275334,5.638461829509845,-398.1195092622157,1.9435831943964554,2.6090559988972224,real data,4
58.90262947218861,5.075902520360776,-396.8153775484193,1.9641710427751597,1.2087996284837281,real data,4
57.43554719648734,4.198395031311043,-396.5652491856924,2.0249992057754063,-2.8023215244914006,real data,4
56.651269302839324,5.384534888941758,-396.20042044852653,2.034843694706129,2.0625962188006053,real data,4
56.02745850841581,4.751705329426143,-395.15220259150675,2.065998036205242,0.06871652865841327,real data,4
0.0001410551927421011,4.292642569264939,-292.54058118572476,64.32279889377006,4.322382438449186,real data,4
2.193741966538391e-7,4.2926331051914834,-292.53827544988127,64.3277855329787,4.322848499444383,real data,4
9.582469751906932e-10,4.292633090513859,-292.53827187387833,64.32779326713606,4.322849222298878,real data,4
49.703038348810075,5.5908617187173935,-392.9218945334137,2.302616613199965,2.5507851534674995,real data,4
49.12332058289134,4.944747589055995,-391.44624073393425,2.3409993339256134,0.8194535296948473,real data,4
46.647250224697714,4.133473593522915,-390.7294557906623,2.4770989180842493,-3.1923302536419236,real data,4
45.53610844546445,5.687303224477415,-390.67686101564016,2.500809964438795,2.762260651040858,real data,4
44.93059986001369,5.0145128458575705,-388.95319339155395,2.5479485558441852,1.0750014566110764,real data,4
42.47074718412816,4.027872781716692,-388.39917648343896,2.713521882017557,-3.936732097194408,real data,4
42.027017618207054,4.724497931931761,-386.8757577784629,2.7228496449243407,0.026191659485771623,real data,4
0.00021689070979391545,5.286473649350988,-298.46017553535114,52.58216254864673,7.117167124958886,real data,4
2.729292516737646e-7,5.286444329115918,-298.4571191508155,52.5874330694931,7.117643221980364,real data,4
5.959166211238609e-10,5.286444292255941,-298.45711530813134,52.58743969627624,7.117643820603922,real data,4
1.0066841400540454e-10,5.28644429218891,-298.45711530114323,52.58743970832759,7.117643821692495,real data,4
38.10964641145734,3.2857181079520394,-390.89230412084595,3.0338075746065796,-12.21241340325589,real data,4
37.27665007599283,6.970243355912377,-389.7725648460329,2.980388876560466,4.353539922373095,real data,4
35.53650347510341,4.358320971982126,-382.3772950376257,3.206210126610621,-1.7035122742974593,real data,4
32.64098981858601,6.033783254060862,-382.3822574759803,3.4057323478503716,3.4348195515230415,real data,4
31.82608616517203,5.211522223238447,-379.46298349206984,3.521656299437945,1.770030228076367,real data,4
28.499576459370758,3.5985076234522615,-379.4519703575959,3.9904595686287556,-7.854440626670815,real data,4
27.31997329103715,6.081152549245289,-377.6381166170424,4.008874709567451,3.56559742939271,real data,4
26.24223250678604,5.128597037753847,-373.9508027633436,4.216998644811315,1.6048690794468818,real data,4
22.07676695662927,3.6204968709602205,-372.07648720338125,5.072242524394968,-7.489823169540628,real data,4
20.168840536580035,6.602840541116878,-371.54301582938086,5.217087094311251,4.291885332344744,real data,4
16.637781042236572,3.7270425359990087,-363.52024220380156,6.5703260343090015,-6.1903094531758605,real data,4
13.098840733343213,7.233253523550895,-363.5370772063109,7.409296003463248,4.98191883128311,real data,4
7.676651721280131,3.652763985649217,-343.7211253618796,12.942392301241023,-6.305697659012669,real data,4
0.0018593998835569892,7.533822420940142,-316.41292972281104,37.19784946885373,8.253760738332485,real data,4
2.2944897991349685e-6,7.533410337314125,-316.392252498449,37.221261639679895,8.256038781371224,real data,4
4.005744344123613e-9,7.533409829262372,-316.3922269902685,37.221290532608656,8.256041592876349,real data,4
1.0725173248224832e-10,7.533409828397649,-316.39222694685253,37.22129058178566,8.256041597661525,real data,4
23.669162844769787,4.946258214973012,-370.8629741556256,4.649284141082268,1.0667404593847962,real data,4
13.031105498512034,2.7068352432318132,-370.8309795478037,8.433276685044632,-24.689471052258625,real data,4
11.385698463501729,7.733236097702325,-362.77750852788546,8.16743497591323,5.287728926419244,real data,4
2.9534633711574596,2.37862742981286,-343.2045279965403,29.889809701803873,-35.20442593957306,real data,4
0.00296385499671592,5.889891834181075,-303.023679873087,47.28448020727279,7.8154923030997505,real data,4
3.6479183034223046e-6,5.889402517006366,-302.98483950904733,47.3434928070485,7.8208862446189364,real data,4
4.440292801199947e-9,5.889401915123575,-302.98479167801156,47.34356552859322,7.820892893211017,real data,4
1.0712119602910655e-10,5.889401914407759,-302.9847916211263,47.343565615080514,7.820892901118189,real data,4
49.57923417545031,5.383009963626902,-392.3670739908443,2.3119771508041445,2.0879719997687403,real data,4
48.77564057318582,4.661562473362042,-391.15921682703015,2.362498416250539,-0.2793109666700673,real data,4
0.00033623477736455243,11.873682402063803,-349.8619614468769,23.787962044972726,7.017505354644717,real data,4
4.764513955626522e-7,11.87358335199017,-349.85926952636504,23.7897411173618,7.017704160981707,real data,4
5.2442614654909375e-9,11.8735832129894,-349.8592657484247,23.789743614305255,7.017704440005874,real data,4
1.0726632640988619e-10,11.873583211474045,-349.8592657072385,23.78974364152647,7.017704443047794,real data,4
48.14451319190561,5.41433570202726,-391.59293644549246,2.377082564129526,2.1696796657573625,real data,4
47.34418117853275,4.687697425773812,-390.29598782322756,2.4304687826052103,-0.15928209647058011,real data,4
0.00032859529903106477,9.060210976914252,-328.7991917475046,31.051363807109805,7.939614119036097,real data,4
4.412967392626696e-7,9.060127069670497,-328.7959780166878,31.05428276894683,7.939914989490003,real data,4
7.947187890596409e-10,9.060126957043563,-328.79597370257073,31.054286687600186,7.939915393403492,real data,4
1.008404422470403e-10,9.060126956866153,-328.7959736957751,31.0542866937727,7.939915394039822,real data,4
99.8758686504984,5.580893452848504,-413.1279992085864,1.1732128324226176,2.41179213134777,real data,4
99.67536823940462,5.144661496149661,-412.2374755141984,1.1776709689440856,1.3334970406159243,real data,4
99.29414631261457,4.709485377029468,-411.85790569865236,1.184223119704461,-0.19774599111121915,real data,4
94.25888523421153,5.7461541170162205,-411.85923036981353,1.24054245018529,2.7395576900328162,real data,4
94.06395679288754,5.286756059126312,-410.75712463688154,1.245533823687172,1.7339983695661711,real data,4
93.75592438206117,4.84821895986143,-410.1841753477543,1.2519269960365769,0.3587176711179687,real data,4
91.09522388708206,4.1573300501865855,-410.1832302514154,1.2916877614438265,-3.152916142252227,real data,4
90.73904464208881,5.135078584492302,-409.4711125985884,1.290937606213731,1.3171887438318315,real data,4
90.27181638900117,4.657739292606302,-409.0756146719616,1.3002742620341567,-0.407437402568366,real data,4
88.25589404752361,5.385857109870089,-409.07695148940826,1.3248287450313565,1.9913282574872397,real data,4
87.96279551692729,4.932775817680487,-408.35801765997473,1.3319336235559822,0.672136398636713,real data,4
86.64145093242614,4.295164129707615,-408.33764813162725,1.355843975730377,-2.266103984911428,real data,4
86.52665828383114,4.50824020109694,-407.94394516858483,1.3562333133261575,-1.1002468449629923,real data,4
85.78296681556402,5.176964655202347,-407.8854489642786,1.363370059977035,1.446395971845753,real data,4
85.32355575372047,4.687748385253615,-407.4123232412719,1.3737434828989372,-0.26988799627986637,real data,4
80.71291674891256,5.77506490091945,-407.41384839993924,1.442341612405493,2.81267697024316,real data,4
80.47634807722154,5.289403356817284,-406.20107683832356,1.4500154174768354,1.7623546699833366,real data,4
80.07785084420026,4.798947126133978,-405.5510133529512,1.460680341808835,0.19275198880031397,real data,4
71.76129516254628,3.928610917290956,-404.08678730013764,1.6332787355325664,-4.8448561858639785,real data,4
71.25615114551584,5.609212140713052,-403.34982607578814,1.6288477872907028,2.517530001189689,real data,4
70.93815529239299,5.102778470195245,-402.242582457038,1.6406607051509763,1.2572311307165123,real data,4
70.07544054412952,4.452192276278552,-401.84044352539945,1.6665363142968668,-1.3536639785448443,real data,4
69.14830473782536,5.281809765659018,-401.7714714131065,1.6800482648515236,1.7666151292912158,real data,4
68.6177409803854,4.722181543554177,-401.03890159463987,1.698244745392042,-0.090866930215725,real data,4
0.0002816403135170731,10.392515753649285,-339.10017861346716,27.12917990992226,7.514715326835848,real data,4
4.1057385308967183e-7,10.392437853284607,-339.09768575562043,27.13110492739826,7.514922301915533,real data,4
8.809862913260455e-10,10.392437739805626,-339.0976821239795,27.1311077319308,7.514922603453648,real data,4
1.0094774093053808e-10,10.392437739589566,-339.097682117065,27.131107737270487,7.5149226040277854,real data,4
99.21578842576119,5.519980370039968,-412.7907101256248,1.1811302762338476,2.283494600893926,real data,4
99.00301209370433,5.087369520590022,-411.96730332969713,1.1857749304306668,1.1625255442470248,real data,4
98.53802808239003,4.632080441364293,-411.66129004141106,1.1935112783073034,-0.53230403541599,real data,4
97.3804172519224,5.216618629468001,-411.65767481102034,1.204441149688764,1.541132764812815,real data,4
97.04765640990374,4.783800982189259,-411.18219378976016,1.210691105236914,0.10721940718690703,real data,4
68.18068617739172,3.0543127293535717,-411.17778783434096,1.726010971246648,-16.55270320142872,real data,4
67.97889392260382,5.412672604081497,-401.52950237682415,1.7066786525569397,2.0954426282124263,real data,4
67.54744159106163,4.875996573400679,-400.6144987597525,1.7227661606781488,0.5106632785873586,real data,4
64.59930680433483,4.075512503939821,-400.3873340871599,1.8080053227247472,-3.675451319081862,real data,4
64.01638811099924,5.3830124008860185,-399.72789141723985,1.8089435620521168,2.0352224667153287,real data,4
63.51444156699036,4.814152726840276,-398.8000361168158,1.8293664598079835,0.2902164152639486,real data,4
53.802434523816075,3.5232835062189443,-398.40678056954755,2.1682972173266255,-8.947960798540958,real data,4
53.302715543616884,5.835500522062411,-395.6014832470724,2.1500283368534805,2.991782051299001,real data,4
52.88648565811769,5.243632067648653,-393.953595991236,2.17593520340264,1.716899517578799,real data,4
51.90269898648896,4.477851669797454,-393.0831405910387,2.228674129802562,-1.1620706932981228,real data,4
49.951962261014,5.600004337659962,-393.0861238138683,2.291664801996342,2.568340718400899,real data,4
49.38338211399277,4.958384403119325,-391.6095340433439,2.3289239618574062,0.8649545518003734,real data,4
47.01656340565587,4.131707291903285,-390.96294765611657,2.4583948694294033,-3.206556130446941,real data,4
45.926851633460274,5.674444310739307,-390.8848306145973,2.4808867335919795,2.735572724898166,real data,4
45.322161583992916,5.0037797359437235,-389.19025560771735,2.5271792447430355,1.0377115618001334,real data,4
42.87737746230136,4.051355336223423,-388.5833521408791,2.688205071821281,-3.761831849276458,real data,4
42.364859498525036,4.827597529418854,-387.1287082847105,2.6995066934116085,0.43284490272452203,real data,4
29.16087354903542,3.01523198877789,-387.11763595567163,3.935931370917691,-17.14439373231555,real data,4
28.603198517385895,5.653799776026645,-377.5237497299404,3.8662865636296644,2.840850937470073,real data,4
27.118393610868267,4.5799169548215755,-374.50840280838855,4.123393180796619,-0.46391338016453787,real data,4
0.0004492277081773466,8.278619978569687,-322.5121741016715,33.927926415669084,8.140932856877717,real data,4
5.656167665175839e-7,8.278512322004786,-322.5074918420575,33.932662510904684,8.141407368128341,real data,4
8.997767629466064e-10,8.278512186513174,-322.5074859483769,33.93266847286347,8.141407965463838,real data,4
1.0135046665829744e-10,8.278512186321608,-322.50748594004403,33.932668481292744,8.141407966308375,real data,4
0.6743817649851174,1.6230824644067603,-362.04145798325317,84.2222872072843,-99.3197551343714,real data,4
0.0007116317351180124,2.4151776324651575,-302.4006378815766,111.06756398675502,-24.975369448281455,real data,4
6.918696110555771e-6,2.415336094000037,-302.37710791658657,111.13293052575956,-24.96126422180734,real data,4
1.0908144796327094e-8,2.415337645538651,-302.3768772670948,111.13357172016424,-24.96112599860659,real data,4
1.1449960950631264e-10,2.415337647962955,-302.3768769066974,111.13357272205859,-24.96112578262901,real data,4
21.248915484809842,5.225994314312352,-368.34630622351983,5.104744394816163,1.9759998304216353,real data,4
15.888466246547583,3.2438233766023967,-366.6429989201509,6.931639625655085,-12.487724434225008,real data,4
14.429427007419193,5.997707369180276,-360.42182737703723,7.055446958550134,3.7644582118334196,real data,4
9.703881775697102,3.5421648211079164,-350.4468214428224,10.664188624084566,-7.823964067215776,real data,4
0.003064860945118042,10.931292778442184,-343.118064474922,25.795163322318736,7.331649107989143,real data,4
9.090522075274167e-5,10.930447475261655,-343.09268087545536,25.81362961106389,7.333664576446765,real data,4
1.314630125804001e-7,10.930421686341013,-343.0919059409278,25.814193643143653,7.333726133394116,real data,4
3.5757483215902106e-10,10.930421649094397,-343.09190482167594,25.814194457797324,7.333726222303108,real data,4
0.008176087100860485,33.52216883480442,-450.7469281997508,8.488288321335888,3.1914592322107485,real data,4
1.6719940753660845e-5,33.519101554002894,-450.71193361064246,8.496206349728041,3.192465116107641,real data,4
2.3401629355403528e-8,33.51909528024591,-450.7118781175525,8.496217976416277,3.19246669440961,real data,4
1.6472729109373567e-10,33.51909527151461,-450.71187804032166,8.496217992597394,3.192466696606168,real data,4
7.350926149996482,2.4492968263400527,-362.922619367841,14.209468086264359,-33.608212744890636,real data,4
3.8858280903826254,10.853180503885374,-360.8469933043157,14.114933454280864,6.113840995879851,real data,4
0.0022036704652990124,9.205305953573903,-329.9624239466842,30.55542499719028,7.895240345460683,real data,4
4.644218034063289e-6,9.20473772782566,-329.9411338508144,30.57439527740869,7.8972054133755,real data,4
6.664218765247558e-9,9.204736529969711,-329.94108894347335,30.57443530737628,7.897209559952647,real data,4
1.0820530171598384e-10,9.204736528276328,-329.94108887998874,30.57443536396591,7.897209565814643,real data,4
0.01724742944485058,73.8252753247539,-538.3895483425349,3.864347209256735,1.5452874309536764,real data,4
3.1692557564369506e-5,73.818391708354,-538.3586928330368,3.867312957696708,1.5456973949448245,real data,4
4.311524750752054e-8,73.81837905861998,-538.3586426807789,3.86731756366457,1.5456980598133705,real data,4
1.6962714885254527e-10,73.81837904145539,-538.3586426127265,3.8673175699145075,1.5456980607155395,real data,4
24.09561903058148,85.86362486997358,-571.0163805682573,1.9939689017470932,1.1988312088744004,real data,4
0.013835231161909434,74.25464464324665,-539.0443898138033,3.8429382812953494,1.5369047850512498,real data,4
2.0048719869067075e-5,74.24911954713193,-539.0226213215003,3.8449247515448546,1.5371916734174786,real data,4
2.778912425416993e-8,74.24911154280974,-539.0225897725711,3.8449276316870695,1.5371920892878495,real data,4
1.4389630266796472e-10,74.24911153175725,-539.0225897290078,3.8449276356640194,1.5371920898620874,real data,4
24.324253224702744,5.7731176193500335,-373.43777714441677,4.4755453133757905,3.1273202452468176,real data,4
22.575713086189353,4.572946464918841,-369.4197767137067,4.886656894365224,-0.41660057753762914,real data,4
0.000548648463091439,6.9755236587165355,-311.78790475455963,40.12599199994655,8.252820290606817,real data,4
2.9876958767517062e-6,6.975411429608861,-311.7815041682916,40.133942868350836,8.253576694543849,real data,4
7.323872261366103e-9,6.975410816692938,-311.7814692060056,40.13398630383104,8.253580826879409,real data,4
1.1019434246103676e-10,6.9754108152094405,-311.78146912138305,40.13398640896225,8.25358083688143,real data,4
0.003305023734596624,9.057744956472138,-328.83186375016766,31.00511356557471,7.934608801778974,real data,4
6.18668293191852e-6,9.056901197952886,-328.7704079769082,31.065112593739855,7.940847995815802,real data,4
8.635873436223041e-9,9.056899618723346,-328.7703474560076,31.06516759009446,7.940853663908374,real data,4
1.1360068317729734e-10,9.05689961654489,-328.7703473725224,31.065167665958956,7.94085367172713,real data,4
0.011076052405843084,5.080242652142678,-297.228841053095,54.286813542581974,6.709536412572184,real data,4
1.8247165757198647e-5,5.078875992805975,-297.01715460758214,54.671357962794325,6.745643982001418,real data,4
3.7722252822151685e-8,5.078873746024595,-297.01689056671063,54.67183456869533,6.745687022080503,real data,4
6.548280849768265e-10,5.078873741451028,-297.0168900292227,54.671835538890015,6.745687109694366,real data,4
0.0013530678029241017,4.64267313903164,-294.3736526913413,59.48205257526172,5.627908066136111,real data,4
2.376854300093021e-6,4.642545306774286,-294.2959199998773,59.64034296964848,5.643941306373609,real data,4
8.595685033288529e-9,4.642545082658935,-294.29588342402207,59.64041587495612,5.643947957472676,real data,4
1.1286787539854016e-10,4.642545081856181,-294.2958832930117,59.64041613609461,5.643947981296172,real data,4
0.0008124001202496345,3.51227862972753,-291.09170098370754,77.74742404386083,-1.1595077554495177,real data,4
8.939398509972326e-7,3.5122904739368206,-291.0006723832102,77.9922383167294,-1.1336837404412492,real data,4
1.15702626565627e-9,3.5122904869141705,-291.00065496096033,77.99228320776662,-1.1336788690144814,real data,4
1.0120355292736522e-10,3.5122904869295177,-291.0006549403564,77.9922832608559,-1.133678863253536,real data,4
0.0494396959050043,19.26249804959858,-394.0476953729426,14.640016354777114,5.046084717342364,real data,4
0.00033279219679904076,19.245577292679183,-393.7681241850606,14.747891991134557,5.0594626064451615,real data,4
4.1715439187467104e-7,19.245463266459794,-393.76632178231677,14.74858111099795,5.059548795992804,real data,4
6.123624848086731e-10,19.24546312356369,-393.76631952347594,14.748581974659622,5.059548904011382,real data,4
1.0072185415962051e-10,19.245463123388173,-393.7663195207014,14.748581975720347,5.059548904144066,real data,4
0.053877966103748724,4.3138777166527165,-293.54080465555853,62.10789707480684,4.2165937671352935,real data,4
0.00010472450441183917,4.31021873866657,-292.6166608083682,64.0711488896205,4.400861802726222,real data,4
1.2595615134004562e-7,4.310211554011005,-292.6149537030965,64.07482573437335,4.401204874844623,real data,4
2.6185867916204875e-10,4.31021154537725,-292.61495165163757,64.07483015302928,4.401205287134417,real data,4
0.0018996176451073765,7.03548970027516,-312.33393198645746,39.722789318997386,8.250914124056965,real data,4
3.2280809450016545e-6,7.035096031144837,-312.27428187178845,39.800812375575546,8.258838078387909,real data,4
6.7125890865495155e-9,7.035095362697077,-312.27424429789716,39.80085858058957,8.258842484810355,real data,4
1.1209356048590689e-10,7.035095361327447,-312.27424422090934,39.80085867526225,8.258842493839074,real data,4
0.00046518805174500244,1.9052335963317617,-322.33387437881913,137.64361303264332,-57.060316388786156,real data,4
9.326800186109036e-7,1.905424842261692,-322.1682990090142,138.39779548837873,-56.962129837879864,real data,4
2.7961202295600165e-9,1.9054252249857375,-322.1682450347626,138.39791740434532,-56.96207885107765,real data,4
1.0363931682182292e-10,1.905425226093914,-322.16824487848004,138.3979177573549,-56.962078703445734,real data,4
0.0006258688824933856,4.1300787196260345,-291.9728988632875,66.59428874949835,3.508342778247439,real data,4
4.831435884399709e-6,4.13004592792416,-291.8984588069355,66.76544133175318,3.5260641187783826,real data,4
5.6871875655910105e-9,4.130045673063025,-291.8983773598558,66.7656243090159,3.5260815347133736,real data,4
1.059366778786782e-10,4.130045672768263,-291.8983772656575,66.76562452064002,3.5260815548560416,real data,4
6.311911652716126,9.03665041622008,-357.7182048044685,11.80016197722779,5.919137785502974,real data,4
0.0016799953296207093,5.944883761792024,-303.4396152613876,46.88230225127123,7.86075142538666,real data,4
2.2821894211061226e-6,5.944602447165082,-303.41773283351466,46.915194564385175,7.863763178864746,real data,4
3.4734836478265732e-9,5.944602065214515,-303.417703103332,46.91523926992406,7.863767272838821,real data,4
1.934444115090501e-10,5.944602064664727,-303.4177030605376,46.91523933427435,7.8637672787318955,real data,4
8.937193490442757,34.79705082198476,-469.00972445352426,5.084567361714117,2.763720002281962,real data,4
0.2715299806647167,30.353393882706943,-440.791919773588,9.183103406323639,3.4603497654587843,real data,4
0.0004083561716154427,30.251362787421424,-439.8072756534273,9.409136193129553,3.490894516672213,real data,4
6.332761192712113e-7,30.251211517046894,-439.8057884832002,9.409483818167663,3.490941140440485,real data,4
1.0603345627731154e-9,30.251211282493312,-439.8057861771813,9.409484357213518,3.4909412127368697,real data,4
1.0161163402685775e-10,30.251211282137625,-439.80578617368434,9.409484358030987,3.490941212846494,real data,4
2.201778900167357,8.90297471368375,-341.28048992608154,19.98850054278732,6.767744043327667,real data,4
0.001996193449822048,8.16879531495531,-321.63011896424257,34.36032354740116,8.16220928488912,real data,4
2.6254420189900096e-6,8.168321732387692,-321.60912268901484,34.38189817891278,8.164361725655013,real data,4
3.2020831206906156e-9,8.168321109707767,-321.60909506582385,34.38192657392255,8.164364558652222,real data,4
1.0410364625108843e-10,8.168321108972117,-321.6090950331891,34.38192660746908,8.164364561999179,real data,4
4.218192014699857,34.7082526612652,-462.05975671377996,6.367864095933781,2.903098695829649,real data,4
0.005871519253134672,32.85249593138474,-448.57769550746053,8.664152838581819,3.24883476607009,real data,4
7.474312336320371e-6,32.85029701647261,-448.55784610551086,8.6684002054252,3.249410120797145,real data,4
1.1099882341457598e-8,32.8502942188351,-448.557820841305,8.668405613486806,3.249410853261106,real data,4
1.1474795707391419e-10,32.85029421471725,-448.55782080411853,8.668405621446992,3.249410854339247,real data,4
0.0061713554842377505,48.745083031335064,-491.60702010328947,5.847665491499809,2.2782230052966015,real data,4
3.346680528804307e-5,48.74269201681901,-491.5871764023306,5.850761613172902,2.2786204837087274,real data,4
4.151843868168927e-8,48.74267899909859,-491.58709784898343,5.850772705835226,2.2786220432772155,real data,4
1.5087253945767316e-10,48.74267898298771,-491.5870977517648,5.850772719563694,2.278622045207353,real data,4
0.009162856701564692,95.77586195991833,-568.2641693283649,2.9811274748577525,1.2053534412961353,real data,4
1.4995798350646294e-5,95.77216346633016,-568.2501332603781,2.982194783344213,1.2054980345981643,real data,4
2.1062225201322132e-8,95.77215741306404,-568.2501147987797,2.982196081351141,1.2054982241817882,real data,4
1.279506058820486e-10,95.77215740460174,-568.250114772971,2.982196083165715,1.205498224446822,real data,4
0.8832956201235139,42.27677978571878,-477.33449725850016,6.422362479377216,2.5612316517350777,real data,4
0.0013448986697938148,41.92744382083409,-474.96783702619274,6.797900902595719,2.6143182608663174,real data,4
2.7723466165616856e-6,41.92692766511644,-474.96420659822746,6.798501178097902,2.6144016038912317,real data,4
3.929634427154697e-9,41.926926600506164,-474.96419910963664,6.79850241639042,2.6144017758117406,real data,4
1.050763167747756e-10,41.92692659903541,-474.96419909929114,6.798502418101068,2.6144017760492417,real data,4
2.564888495440502,422.00169044607713,-743.1316526641913,0.6679281494095656,0.2808978123904631,real data,4
0.014246570586410101,420.96740092516256,-742.410133490491,0.6792254667703457,0.2825946955406655,real data,4
1.9527352794871528e-5,420.9614820024697,-742.406044848925,0.679289715522833,0.2826043712458423,real data,4
2.4011325708778115e-8,420.96147388850824,-742.406039243779,0.679289803607357,0.28260438451079734,real data,4
1.2990008269226287e-10,420.96147387857286,-742.4060392369156,0.6792898037152149,0.2826043845270413,real data,4
3.8235109785178767,4219.619994274718,-1018.1346717335433,0.06764324703612017,0.02839878528907796,real data,4
0.005127492239558329,4218.139788433865,-1018.0279014590003,0.06781308518163776,0.028424064629835953,real data,4
1.2402125574522034e-5,4218.137644494465,-1018.027753801833,0.0678133156676253,0.028424099621925727,real data,4
7.95545327296044e-8,4218.137639329432,-1018.027753446113,0.06781331622288497,0.028424099706224903,real data,4
2.0613061455671178e-10,4218.137639296173,-1018.0277534438225,0.06781331622646035,0.028424099706767614,real data,4
0.6922633632366304,4300.743082264997,-1020.3646331098223,0.06648520805607393,0.027875922384928063,real data,4
0.0012675058290960717,4300.456539968914,-1020.3450955495406,0.06651523884567477,0.02788046310024831,real data,4
1.8056339917051772e-6,4300.456009441488,-1020.3450597110916,0.066515293716176,0.027880471430810832,real data,4
2.3659561490722222e-9,4300.456008685633,-1020.3450596600318,0.06651529379435128,0.02788047144267962,real data,4
1.191955840565627e-10,4300.456008684691,-1020.3450596599682,0.06651529379444894,0.027880471442694427,real data,4
8.812884947430302,4219.913672318137,-1018.2272616362714,0.06744886450661865,0.02837691852112235,real data,4
0.03615131602575161,4216.9908859894695,-1017.9957666313188,0.06783037036658907,0.02843167722831123,real data,4
4.9908764408218564e-5,4216.975759186542,-1017.994724348771,0.06783199788279062,0.028431924296671043,real data,4
7.853053932735632e-8,4216.9757383000915,-1017.994722909908,0.06783200012939616,0.028431924637750162,real data,4
2.06047481673379e-10,4216.9757382672615,-1017.9947229076463,0.06783200013292688,0.02843192463828614,real data,4
1.1062016931292187,43007.875051296855,-1296.5752320979232,0.006650814768839043,0.0027899083437200253,real data,4
0.0014397259738234691,43007.42265394694,-1296.5721268323393,0.00665129334792705,0.0027899805421851905,real data,4
4.770217075383354e-6,43007.422052041155,-1296.572122766956,0.006651293970030996,0.0027899806367091863,real data,4
1.1375822732329623e-8,43007.42205004499,-1296.5721227534736,0.006651293972094133,0.0027899806370226665,real data,4
1.1434327765960575e-10,43007.422050040266,-1296.5721227534416,0.006651293972099063,0.002789980637023421,real data,4
4.59431856347768,43008.19043354808,-1296.5819110840146,0.0066494805097150915,0.0027897530717996477,real data,4
0.006163434861539585,43006.49556892559,-1296.5695481101543,0.006651434986884526,0.0027900404976868884,real data,4
1.2308443390801442e-5,43006.49298892108,-1296.5695306833802,0.006651437653707251,0.0027900409028845073,real data,4
1.73490401011686e-8,43006.492983765405,-1296.5695306485572,0.006651437659036085,0.0027900409036941934,real data,4
1.2189173119603444e-10,43006.49298375818,-1296.5695306485086,0.00665143765904357,0.0027900409036953357,real data,4
8.891502039860345,43008.417349730895,-1296.5896867438746,0.006647862474936871,0.0027895723426837856,real data,4
0.011813136379599243,43005.689154388936,-1296.5673075546767,0.00665155762675696,0.002790092591826249,real data,4
1.6777102425633017e-5,43005.684206950005,-1296.5672741348135,0.006651562741203811,0.002790093368900763,real data,4
2.2794401001364925e-8,43005.68419992217,-1296.5672740873447,0.0066515627484679835,0.002790093370004508,real data,4
1.3325429505485152e-10,43005.68419991267,-1296.5672740872806,0.006651562748477777,0.00279009337000598,real data,4
18.561358016633683,430088.0918558557,-1572.8801783085582,0.0006650415855585779,0.000279003076694412,real data,4
0.040475906530058836,430088.0665090415,-1572.8770911748675,0.0006651099072312126,0.00027901025423274494,real data,4
6.449499466471692e-5,430088.04956982675,-1572.8770797291443,0.0006651100824006036,0.00027901028084515735,real data,4
4.880387889590911e-7,430088.0495429762,-1572.8770797110096,0.0006651100826780873,0.0002790102808873203,real data,4
8.451556342660647e-10,430088.0495427718,-1572.8770797108716,0.0006651100826801971,0.0002790102808876435,real data,4
1.0102729672889688e-10,430088.04954277154,-1572.8770797108716,0.000665110082680198,0.0002790102808876438,real data,4
17.79747122013763,4.300910873404195e6,-1849.18752319871,6.650990299828995e-5,2.79009740716196e-5,real data,4
0.02852598816933849,4.300912157240532e6,-1849.1872635034745,6.651053830503484e-5,2.790103445273639e-5,real data,4
4.866054166735925e-5,4.300912145302199e6,-1849.187262696872,6.651053953943379e-5,2.790103464027838e-5,real data,4
7.31520050781793e-8,4.300912145281817e6,-1849.1872626954955,6.651053954154001e-5,2.790103464059856e-5,real data,4
2.916893642339582e-10,4.300912145281786e6,-1849.1872626954935,6.65105395415431e-5,2.7901034640598813e-5,real data,4
0.0006604762575221912,3.2430653091405666,-291.81849192838183,83.8782863859652,-4.430643380151594,real data,4
3.2347015428210854e-6,3.2430997282860656,-291.7230718002281,84.15546255244776,-4.400999360579895,real data,4
3.702716449647194e-9,3.2430998972544507,-291.7230030799749,84.15564862445973,-4.40097702224103,real data,4
1.0425515897741385e-10,3.243099897442635,-291.723003003439,84.15564883169418,-4.400976997362264,real data,4
0.0001638854497085923,3.0107679385338355,-293.2557585721771,90.02413336866252,-8.212354696786058,real data,4
2.0552945818912626e-7,3.010782771037422,-293.16418270461895,90.31270547502943,-8.181769617313854,real data,4
6.236532533979841e-10,3.0107827896006136,-293.16417792633945,90.31271883690408,-8.181767814003145,real data,4
0.0011838631506355668,5.279377704313653,-298.47246595561234,52.538162793433955,7.093950447651013,real data,4
1.5160741110829563e-6,5.279218112434146,-298.40574379625724,52.65729764326223,7.106025072672958,real data,4
2.1722277623903253e-9,5.279217908135281,-298.4057224150015,52.65733457358432,7.106028408557581,real data,4
1.0270548649834834e-10,5.279217907856002,-298.40572238577306,52.65733462406816,7.106028413117858,real data,4
0.0011749582057551944,5.8063884136668324,-302.39800463972904,47.905427256640415,7.740453951631736,real data,4
1.4851455503368284e-6,5.806198903314078,-302.3369672716136,48.00412607765522,7.7504763420452285,real data,4
1.8360147638290218e-9,5.806198663827233,-302.336947614226,48.004156470300764,7.750479114166051,real data,4
1.0230376008265928e-10,5.806198663547319,-302.3369475912502,48.004156505824035,7.750479117406183,real data,4
0.0019391111594426746,8.854876579629105,-327.20549661520437,31.7134105459913,7.993067395462434,real data,4
3.075399735854179e-6,8.854388893825885,-327.15639946324956,31.763495097094278,7.998274280611246,real data,4
4.226616579068025e-9,8.854388120482527,-327.1563688900271,31.763523637744235,7.99827720128389,real data,4
1.0674464754709621e-10,8.854388119445115,-327.1563688490142,31.76352367603051,7.998277205201797,real data,4
0.01983380647402555,88.85361727202049,-559.625247098261,3.211988310983486,1.295166816319309,real data,4
0.00017887620217673164,88.84569260120368,-559.5962201611375,3.214284353936476,1.2954882205088494,real data,4
2.41698728759937e-7,88.8456206040728,-559.5959833436843,3.214302334212767,1.2954908385804393,real data,4
4.5548007006810784e-10,88.84562050684225,-559.5959830238659,3.2143023584949835,1.295490842116122,real data,4
1.0106582847980393e-10,88.8456205066994,-559.595983023396,3.214302358530641,1.2954908421213163,real data,4
0.00012036690090184987,5.982753810876461,-303.7638272465054,46.55112955471969,7.884089384137678,real data,4
1.5105056920665133e-7,5.982733462232595,-303.718097851365,46.623850380632014,7.891685205306864,real data,4
3.5429697401625496e-10,5.982733436725316,-303.7180958935594,46.62385330240428,7.891685473187971,real data,4
0.0010664723663023068,9.691692844276584,-333.7852156127304,29.027901715724084,7.742078409775896,real data,4
1.5138306988023587e-6,9.691408961693375,-333.7480210700101,29.063043576526802,7.745767094348054,real data,4
2.8101490013136103e-9,9.691408558982147,-333.7480069719862,29.063055398599673,7.745768338712609,real data,4
1.0427585468626179e-10,9.691408558260989,-333.74800694674,29.06305541977018,7.74576834094101,real data,4
0.00018712163286863093,9.972515069859659,-335.94042505763537,28.22966361925363,7.651647835552202,real data,4
5.231415184022434e-7,9.972464519954416,-335.91222270210835,28.256380079702055,7.654451524124819,real data,4
8.353076398674513e-10,9.972464378465391,-335.9122179294665,28.256383948907263,7.65445193497543,real data,4
1.0205431172922804e-10,9.972464378266759,-335.9122179227663,28.256383954339277,7.654451935552219,real data,4
0.0042537748596362945,22.07617162662615,-407.35749237043876,12.859268512672896,4.541054873813303,real data,4
8.986457044772578e-6,22.074673029992297,-407.32506571114203,12.871158218127663,4.542458488560042,real data,4
1.137132659238093e-8,22.07466986252583,-407.32502244310115,12.871172442504845,4.542460311526399,real data,4
6.471083158049173e-10,22.074669858741068,-407.3250223914007,12.871172459501407,4.542460313704631,real data,4
0.006580924709281621,23.730626069225014,-414.6595755575623,11.966344656264646,4.282195333550004,real data,4
8.992664748161232e-6,23.728274832579856,-414.61870104068305,11.979845482169518,4.283835350487881,real data,4
8.800462946728546e-7,23.728271931613545,-414.6186643164287,11.979856639642712,4.283836797165988,real data,4
6.996849898865118e-9,23.728271619422713,-414.6186603643022,11.97985784036916,4.283836952852114,real data,4
1.108274723731508e-10,23.728271616960363,-414.6186603331305,11.979857849839595,4.28383695408008,real data,4
0.0020020976716058625,24.61831498964464,-418.39049486295715,11.542996264162795,4.155242288240732,real data,4
2.8880879381098547e-6,24.617595488203634,-418.37100072546,11.549709464685272,4.1560116114917625,real data,4
1.6447291387414326e-8,24.617594454881306,-418.3709881393051,11.54971313862354,4.156012090548022,real data,4
1.3889546762184487e-10,24.617594449012945,-418.3709880678268,11.549713159488277,4.156012093268637,real data,4
0.013820408904157588,45.15453334370007,-483.14895146590413,6.308336904931113,2.443357192395102,real data,4
1.7597296610858543e-5,45.14918789818077,-483.10825830162264,6.31489844590619,2.444231254900946,real data,4
2.8489308424158938e-8,45.149181098033445,-483.1082139441634,6.314905232220069,2.4442322031576964,real data,4
1.478164271649787e-10,45.14918108706365,-483.1082138726072,6.314905243167536,2.444232204687402,real data,4
0.005814645493466664,47.32199774552183,-488.32007650333975,6.022984436061668,2.341059745845117,real data,4
1.9737105160160667e-5,47.31974560622988,-488.30049216741304,6.026147830741114,2.341463702406364,real data,4
4.254181025066062e-8,47.31973795389204,-488.30044457913345,6.026154762113197,2.3414646746524985,real data,4
1.6607301948229685e-10,47.31973793742693,-488.3004444767404,6.026154777027074,2.341464676744435,real data,4
0.001373092674880394,49.59994935550461,-493.5321649886316,5.748551822639561,2.2422050745004407,real data,4
2.367094862672269e-6,49.59941477351658,-493.52366851544497,5.75001532296879,2.2423743389176267,real data,4
3.392442711030952e-9,49.5994138517267,-493.5236630506155,5.750016080756244,2.242374445601029,real data,4
1.0873901976832031e-10,49.59941385044613,-493.5236630430236,5.75001608180899,2.24237444574925,real data,4
0.010562102025216014,97.50121784408248,-570.3270691705007,2.9283714615735845,1.1848402552450863,real data,4
1.4040492726017859e-5,97.4969503108893,-570.3115788185218,2.9295185128091457,1.1849969862326162,real data,4
2.3153741147868934e-8,97.49694464084232,-570.3115618335172,2.929519685398726,1.1849971576180283,real data,4
1.3136387647706276e-10,97.49694463152971,-570.3115618056206,2.9295196873246154,1.1849971578995173,real data,4
0.008817672446289837,98.76642547261693,-571.815604913897,2.8910497459401228,1.1702556968364326,real data,4
2.0426700697644476e-5,98.7628646996764,-571.8024029385285,2.8920250292423213,1.1703876469501817,real data,4
3.2423795358055144e-8,98.76285644621532,-571.8023785335845,2.892026692005764,1.1703878901004316,real data,4
2.658765446867708e-10,98.76285643320118,-571.8023784951026,2.89202669462762,1.1703878904838432,real data,4
0.0014162209664798642,99.59234271656062,-572.7729675135192,2.8676245022555205,1.1609718575058134,real data,4
1.6200911981536364e-5,99.59177594552135,-572.7686524038172,2.8679907825968343,1.1610149192344767,real data,4
3.7646738826155486e-8,99.5917694023357,-572.768633218054,2.8679920786470827,1.1610151088198268,real data,4
1.9838638426499678e-10,99.59176938717593,-572.7686331736028,2.867992081649882,1.1610151092590724,real data,4
0.03093133860795294,430.0726311393694,-744.9594141798757,0.6647763697601632,0.27665494446056843,real data,4
4.34281966357232e-5,430.0597789931414,-744.9501100718004,0.664923627494998,0.27667650262909405,real data,4
5.35787011714161e-8,430.05976094484043,-744.9500978680562,0.6649238151979762,0.27667653090133343,real data,4
1.803331012181832e-10,430.05976092262125,-744.9500978530324,0.6649238154290562,0.27667653093613737,real data,4
0.041265794287824065,996.8335227727899,-845.2567609153743,0.2868909665095941,0.11993971867946543,real data,4
0.0006199806022667287,996.8165353470811,-845.2515429103092,0.2869262722988819,0.11994494519861856,real data,4
1.1678816118600643e-6,996.8162766621548,-845.2514674939048,0.2869267712890572,0.11994502073546631,real data,4
1.7115302577904787e-9,996.8162761746565,-845.2514673517804,0.28692677222941887,0.11994502087781661,real data,4
1.0293853722031742e-10,996.8162761739841,-845.2514673515844,0.2869267722307159,0.11994502087801355,real data,4
0.01877889165754887,996.6097224756701,-845.2283021403479,0.2869708058871072,0.11996817172250318,real data,4
5.3628429851178966e-5,996.6018952796,-845.2257545230287,0.2869884475553846,0.11997072432293862,real data,4
1.3505581013024422e-7,996.601872917582,-845.2257480022458,0.286988490709292,0.11997073085554293,real data,4
2.811192864102242e-10,996.6018728612416,-845.225747985817,0.2869884908180176,0.11997073087200112,real data,4
0.03564499901508089,997.7544214841207,-845.3667596778829,0.2866300904939658,0.11982982841753417,real data,4
4.489531245872175e-5,997.7395421880118,-845.3621606640855,0.286661271197076,0.11983443075884026,real data,4
5.966506800741446e-8,997.739523445139,-845.3621552048828,0.2866613072842631,0.11983443622171373,real data,4
1.824023079855574e-10,997.7395234202731,-845.3621551976402,0.28666130733213874,0.11983443622896141,real data,4
0.002215611562565445,999.5878745723063,-845.5838700036627,0.2861272836689229,0.11961323315936073,real data,4
3.4457186862527946e-6,999.5869498033076,-845.5833367823482,0.2861315793986389,0.11961376617197668,real data,4
1.5395029544791222e-8,999.5869483693032,-845.5833363654406,0.2861315821494354,0.11961376658839379,real data,4
1.271043852439766e-10,999.5869483629206,-845.583336363585,0.2861315821616796,0.11961376659024824,real data,4
0.004106542786241452,998.8020361247678,-845.4899718612546,0.28635107434621115,0.11970686357156661,real data,4
1.0407011018335154e-5,998.8003237976274,-845.489209074571,0.28635688993446506,0.11970762647717069,real data,4
2.2031239174076587e-8,998.8003194563265,-845.4892078114316,0.28635689827536137,0.11970762773981852,real data,4
2.346650655360054e-10,998.8003194472147,-845.4892078087804,0.2863568982928669,0.11970762774246968,real data,4
0.00013793165566861054,999.958284078215,-845.6280191396155,0.286022728690561,0.11956923551548128,real data,4
2.4149349923258123e-7,999.958226518427,-845.6277381439204,0.286025358971677,0.11956951649627642,real data,4
1.3580697703045638e-9,999.9582264180411,-845.6277381147461,0.2860253591641008,0.11956951652540633,real data,4
1.0223725391364501e-10,999.9582264175161,-845.6277381145935,0.2860253591651059,0.11956951652555893,real data,4
1.2151853498501217e-5,3.000944639628446,-293.33391089464817,90.31272588842934,-8.396023644670045,real data,4
1.364260435161029e-8,3.000945760652332,-293.2455696358763,90.59331118278973,-8.366572830033924,real data,4
1.1995277307574446e-10,3.000945761901191,-293.24556931916214,90.59331206939031,-8.366572709700165,real data,4
1.300757264102552e-5,5.998298427404663,-303.88522214137964,46.4356822216928,7.895325947440881,real data,4
7.157766586329943e-8,5.998296229202142,-303.8409993296014,46.505963597006264,7.902693395347082,real data,4
1.825810961355242e-10,5.998296217070075,-303.84099840365104,46.50596497462142,7.902693521714681,real data,4
1.3932710973420248e-5,9.997285095821567,-336.1286366062096,28.161987863590383,7.643638384740983,real data,4
3.057280226312527e-8,9.997281324616074,-336.1020770518035,28.18730127998638,7.646293260971497,real data,4
1.4626442520832092e-10,9.997281316362349,-336.10207677428264,28.187301504314927,7.646293284809749,real data,4
9.614836164688334e-5,1.1583799020021521,-410.06426951063776,213.29566400668463,-221.13137015826723,real data,4
1.0751180551828567e-7,1.1584785142337268,-409.8092376180172,215.19337780094017,-220.88428240011334,real data,4
2.2255365294246233e-10,1.1584786243602998,-409.80920752080686,215.19340086361984,-220.88422631041232,real data,4
0.00013354045476533793,24.96372933787633,-419.8121914012134,11.386343691582795,4.107772611585483,real data,4
1.221947003941337e-6,24.963681614172764,-419.80103306115967,11.390551597068264,4.10821816179378,real data,4
2.402680723189268e-9,24.963681174320993,-419.80102778133175,11.390553115092834,4.10821836014757,real data,4
1.0342115712696499e-10,24.96368117349172,-419.80102777137745,11.390553117954834,4.108218360521518,real data,4
1.4388547143246236e-5,24.99639419381259,-419.94595967051083,11.371687252114882,4.103330620806132,real data,4
2.1677312809994747e-8,24.99638901101015,-419.9353257670805,11.375737825278154,4.103755883423349,real data,4
1.2658802182760505e-10,24.996389003235805,-419.93532567388763,11.3757378520344,4.103755886920158,real data,4
8.589708163598761e-6,1.0133637213801299,-447.8384536094633,238.35718489305486,-305.89085414878815,real data,4
1.0247993513918025e-8,1.013374610300328,-447.573842632148,240.8126869199683,-305.6252692298569,real data,4
1.1139876708887882e-10,1.0133746231650966,-447.5738380900945,240.81268914260716,-305.62525946825014,real data,4
2.2243502681353056e-5,49.99610462170763,-494.41524905610555,5.7035151342597565,2.2258694455378585,real data,4
4.543865973458781e-8,49.99609595974697,-494.4099125783568,5.704530190153575,2.2259761512225094,real data,4
1.608514630887406e-10,49.99609594207902,-494.40991247445623,5.7045302044418085,2.2259761532352624,real data,4
0.0002200985201498279,49.96093766262344,-494.3372289255613,5.707463352254502,2.227307791407833,real data,4
3.167177320272552e-7,49.9608519048278,-494.3314350409675,5.708542256166816,2.227423440340916,real data,4
5.326740399016881e-10,49.96085178145514,-494.33143431492533,5.708542356084374,2.2274234544153315,real data,4
1.0396807651117415e-10,49.960851781287865,-494.331434313941,5.708542356219842,2.2274234544344154,real data,4
0.0007027108880344,99.99623482108514,-573.2404529583009,2.856109141629646,1.1564644540255016,real data,4
8.748827162192302e-7,99.99595065881306,-573.2369805252166,2.8564169497332017,1.156499047955413,real data,4
8.954196948476483e-9,99.99595030821806,-573.2369795013906,2.856417018609788,1.1564990580321814,real data,4
1.1352526047995345e-10,99.99595030463867,-573.2369794909378,2.8564170193129694,1.156499058135054,real data,4
0.00017479540544894367,99.95952822421367,-573.1976184977627,2.8571921853641857,1.156876881685492,real data,4
4.2728592233214416e-7,99.95945762709015,-573.1947686361872,2.8574582407291813,1.156905359089043,real data,4
7.665921015821717e-10,99.95945745440433,-573.1947681317157,2.8574582746795225,1.1569053640559623,real data,4
1.0119107425951347e-10,99.95945745413492,-573.1947681309288,2.857458274732476,1.1569053640637155,real data,4
1.247620500581699e-5,999.9958249209442,-845.6324988150894,0.2860120783301349,0.1195647720945884,real data,4
3.349227059150417e-8,999.995819719414,-845.6322330457288,0.28601460806069173,0.11956503786265296,real data,4
1.4171944160614134e-10,999.9958197054723,-845.6322330416771,0.2860146080874146,0.11956503786669921,real data,4
54.383702122200674,42206.033838440184,-1294.407185900419,0.006756829566293864,0.0028407741818201903,real data,4
54.383702122200674,42206.033838440184,-1294.4071796584813,0.006756830972156111,0.0028407743292593905,real data,4
21.248909497632738,5.228626263931349,-368.3515087795274,5.1045059492222284,1.9831893553051536,real data,4
15.898909802724315,3.2446471885182087,-366.6508089678004,6.92732243343566,-12.474425027243466,real data,4
14.428672999321668,6.005356982621378,-360.4493373548799,7.054428720770296,3.7757410023510882,real data,4
9.708613583987557,3.5472554956542734,-350.41975992460254,10.657684569806507,-7.762587148389031,real data,4
0.0030422972987196317,10.863155935468242,-342.61757994799007,25.95473112175609,7.354636667403559,real data,4
2.248335793954108e-6,10.852865097255398,-342.5221258738676,25.996089398200315,7.3599004493559725,real data,4
1.0351970504943428e-10,10.843420873111823,-342.45258764931134,26.018428546331815,7.363089151118375,real data,4
1.0000000000001787e-10,10.83397406542346,-342.3830149029685,26.04079953410641,7.366277330484605,real data,4
1.0000000000000002e-10,10.824527475268784,-342.31341364201216,26.063208500535033,7.369465354764167,real data,4
1.0000000000000002e-10,10.81980087125745,-342.2785773278074,26.074435312709618,7.37106044824927,real data,4
1.0000000000000002e-10,10.815073467422637,-342.2437275774652,26.085673701313468,7.372655785548701,real data,4
1.0000000000000002e-10,10.810345263940324,-342.20886438858327,26.096923683356966,7.374251364690116,real data,4
1.0000000000000002e-10,10.805616260988277,-342.17398775878195,26.108185275878917,7.3758471836923665,real data,4
1.0000000000000002e-10,10.80088645874607,-342.1390976857047,26.11945849594851,7.377443240564876,real data,4
1.0000000000000002e-10,10.796155857395085,-342.1041941670181,26.130743360663605,7.379039533308214,real data,4
1.0000000000000002e-10,10.791424457118517,-342.06927720041165,26.142039887152045,7.380636059913284,real data,4
1.0000000000000002e-10,10.786692258101382,-342.0343467835985,26.15334809257165,7.382232818362171,real data,4
1.0000000000000002e-10,10.781959260530531,-341.99940291431494,26.164667994109156,7.383829806627284,real data,4
1.0000000000000002e-10,10.777225464594645,-341.96444559032085,26.175999608981357,7.385427022671914,real data,4
1.0000000000000002e-10,10.77249087048425,-341.9294748093997,26.187342954434914,7.3870244644497856,real data,4
1.0000000000000002e-10,10.767755478391717,-341.8944905693589,26.198698047745953,7.388622129905567,real data,4
1.0000000000000002e-10,10.763019288511277,-341.85949286802935,26.21006490622114,7.39022001697406,real data,4
1.0000000000000002e-10,10.758282301039024,-341.8244817032664,26.221443547196174,7.3918181235808245,real data,4
1.0000000000000002e-10,10.753544516172918,-341.7894570729489,26.232833988037132,7.393416447641885,real data,4
1.0000000000000002e-10,10.748805934112797,-341.75441897498047,26.24423624614022,7.395014987063682,real data,4
1.0000000000000002e-10,10.744066555060382,-341.7193674072886,26.25565033893137,7.39661373974297,real data,4
1.0000000000000002e-10,10.739326379219285,-341.6843023678256,26.267076283867144,7.3982127035671255,real data,4
1.0000000000000002e-10,10.734585406795015,-341.6492238545679,26.278514098433437,7.399811876413723,real data,4
1.0000000000000002e-10,10.72984363799498,-341.6141318655169,26.289963800147014,7.401411256150449,real data,4
1.0000000000000002e-10,10.725101073028506,-341.5790263986987,26.301425406554795,7.403010840635485,real data,4
1.0000000000000002e-10,10.720357712106834,-341.5439074521643,26.312898935233637,7.40461062771724,real data,4
1.0000000000000002e-10,10.715613555443129,-341.5087750239897,26.324384403791093,7.4062106152342,real data,4
1.0000000000000002e-10,10.710868603252488,-341.473629112276,26.335881829865226,7.40781080101498,real data,4
1.0000000000000002e-10,10.706122855751948,-341.4384697151496,26.347391231123705,7.409411182878437,real data,4
1.0000000000000002e-10,10.701376313160493,-341.40329683076214,26.358912625265965,7.411011758633399,real data,4
1.0000000000000002e-10,10.696628975699058,-341.368110457291,26.370446030021057,7.41261252607886,real data,4
1.0000000000000002e-10,10.691880843590539,-341.33291059293896,26.381991463148907,7.414213483003655,real data,4
1.0000000000000002e-10,10.687131917059801,-341.2976972359346,26.393548942440297,7.415814627186527,real data,4
1.0000000000000002e-10,10.682382196333682,-341.2624703845324,26.40511848571588,7.417415956396349,real data,4
1.0000000000000002e-10,10.677631681641003,-341.22723003701265,26.416700110828476,7.419017468391846,real data,4
1.0000000000000002e-10,10.672880373212573,-341.19197619168193,26.428293835660234,7.420619160921451,real data,4
1.0000000000000002e-10,10.668128271281198,-341.15670884687285,26.439899678125087,7.422221031723359,real data,4
1.0000000000000002e-10,10.663375376081687,-341.1214280009446,26.451517656167358,7.423823078525878,real data,4
1.0000000000000002e-10,10.658621687850863,-341.0861336522825,26.46314778776286,7.42542529904658,real data,4
1.0000000000000002e-10,10.653867206827563,-341.0508257992988,26.47479009091786,7.427027690992958,real data,4
1.0000000000000002e-10,10.649111933252653,-341.0155044404324,26.486444583669908,7.4286302520623675,real data,4
1.0000000000000002e-10,10.64435586736903,-340.9801695741486,26.4981112840877,7.430232979941287,real data,4
1.0000000000000002e-10,10.639599009421636,-340.9448211989403,26.509790210270648,7.431835872306209,real data,4
1.0000000000000002e-10,10.634841359657452,-340.90945931332703,26.521481380350036,7.433438926822929,real data,4
1.0000000000000002e-10,10.630082918325522,-340.8740839158558,26.533184812487825,7.435042141146598,real data,4
1.0000000000000002e-10,10.625323685676952,-340.83869500510076,26.54490052487751,7.436645512922267,real data,4
1.0000000000000002e-10,10.620563661964914,-340.80329257966366,26.55662853574391,7.438249039783907,real data,4
1.0000000000000002e-10,10.615802847444662,-340.76787663817373,26.56836886334323,7.439852719355194,real data,4
1.0000000000000002e-10,10.611041242373537,-340.7324471792881,26.580121525963396,7.44145654924884,real data,4
1.0000000000000002e-10,10.606278847010968,-340.6970042016915,26.59188654192291,7.443060527067283,real data,4
1.0000000000000002e-10,10.601515661618485,-340.6615477040969,26.603663929572956,7.44466465040162,real data,4
1.0000000000000002e-10,10.596751686459733,-340.6260776852452,26.615453707295615,7.446268916832629,real data,4
1.0000000000000002e-10,10.591986921800464,-340.5905941439056,26.627255893504785,7.447873323930229,real data,4
1.0000000000000002e-10,10.58722136790856,-340.5550970788756,26.639070506646114,7.449477869253057,real data,4
1.0000000000000002e-10,10.582455025054033,-340.51958648898136,26.6508975651969,7.4510825503491445,real data,4
1.0000000000000002e-10,10.577687893509031,-340.4840623730775,26.662737087666038,7.452687364755657,real data,4
1.0000000000000002e-10,10.572919973547853,-340.4485247300475,26.67458909259481,7.45429230999842,real data,4
1.0000000000000002e-10,10.56815126544695,-340.4129735588037,26.686453598555914,7.4558973835925695,real data,4
1.0000000000000002e-10,10.563381769484938,-340.3774088582875,26.69833062415433,7.457502583041908,real data,4
1.0000000000000002e-10,10.558611485942599,-340.3418306274694,26.71022018802626,7.459107905839243,real data,4
1.0000000000000002e-10,10.553840415102899,-340.3062388653492,26.72212230884111,7.460713349466117,real data,4
1.0000000000000002e-10,10.549068557250983,-340.2706335709563,26.73403700529963,7.462318911392938,real data,4
1.0000000000000002e-10,10.544295912674198,-340.23501474334944,26.745964296134606,7.463924589078669,real data,4
1.0000000000000002e-10,10.539522481662086,-340.19938238161717,26.7579042001115,7.465530379971347,real data,4
1.0000000000000002e-10,10.534748264506403,-340.1637364848778,26.769856736028007,7.467136281507318,real data,4
1.0000000000000002e-10,10.529973261501121,-340.12807705227976,26.78182192271317,7.468742291111653,real data,4
1.0000000000000002e-10,10.525197472942441,-340.0924040830015,26.793799779029733,7.470348406198112,real data,4
1.0000000000000002e-10,10.520420899128794,-340.0567175762516,26.80579032387199,7.471954624168801,real data,4
1.0000000000000002e-10,10.515643540360855,-340.02101753126925,26.817793576166878,7.473560942414341,real data,4
1.0000000000000002e-10,10.510865396941549,-339.98530394732404,26.829809554873712,7.475167358313959,real data,4
1.0000000000000002e-10,10.50608646917606,-339.9495768237162,26.841838278984508,7.476773869235123,real data,4
1.0000000000000002e-10,10.501306757371836,-339.91383615977685,26.853879767523576,7.4783804725336225,real data,4
1.0000000000000002e-10,10.496526261838603,-339.878081954868,26.8659340395486,7.479987165553577,real data,4
1.0000000000000002e-10,10.49174498288837,-339.84231420838273,26.878001114148862,7.481593945627654,real data,4
1.0000000000000002e-10,10.486962920835435,-339.8065329197454,26.89008101044735,7.483200810076195,real data,4
1.0000000000000002e-10,10.482180075996396,-339.77073808841163,26.902173747599516,7.484807756208241,real data,4
1.0000000000000002e-10,10.47739644869016,-339.7349297138686,26.914279344793126,7.4864147813207556,real data,4
1.0000000000000002e-10,10.472612039237946,-339.6991077956353,26.9263978212497,7.488021882698549,real data,4
1.0000000000000002e-10,10.467826847963305,-339.66327233326234,26.938529196223122,7.4896290576148665,real data,4
1.0000000000000002e-10,10.463040875192114,-339.6274233263322,26.95067348900059,7.491236303330757,real data,4
1.0000000000000002e-10,10.458254121252594,-339.5915607744596,26.9628307189021,7.492843617095144,real data,4
1.0000000000000002e-10,10.453466586475317,-339.55568467729137,26.97500090528049,7.494450996145076,real data,4
1.0000000000000002e-10,10.44867827119321,-339.5197950345069,26.987184067522463,7.49605843770515,real data,4
1.0000000000000002e-10,10.443889175741567,-339.48389184581794,26.999380225047577,7.497665938988071,real data,4
1.0000000000000002e-10,10.439099300458063,-339.44797511096886,27.011589397308118,7.499273497194087,real data,4
1.0000000000000002e-10,10.43430864568275,-339.41204482973694,27.02381160379032,7.500881109511377,real data,4
1.0000000000000002e-10,10.429517211758075,-339.37610100193245,27.036046864013734,7.502488773115585,real data,4
1.0000000000000002e-10,10.424724999028884,-339.3401436273987,27.04829519753061,7.504096485169975,real data,4
1.0000000000000002e-10,10.419932007842437,-339.30417270601225,27.060556623927468,7.505704242825658,real data,4
1.0000000000000002e-10,10.415138238548408,-339.26818823768315,27.07283116282408,7.507312043220975,real data,4
1.0000000000000002e-10,10.410343691498902,-339.23219022235486,27.08511883387308,7.508919883481894,real data,4
1.0000000000000002e-10,10.405548367048455,-339.1961786600047,27.097419656761836,7.510527760721838,real data,4
1.0000000000000002e-10,10.40075226555405,-339.1601535506437,27.109733651210444,7.5121356720414685,real data,4
1.0000000000000002e-10,10.395955387375125,-339.12411489431713,27.122060836972732,7.513743614528926,real data,4
1.0000000000000002e-10,10.391157732873577,-339.0880626911041,27.13440123383706,7.515351585259539,real data,4
21.18151960878333,5.238267566226464,-368.28464911875153,5.118297383581238,2.0109339058025313,real data,4
17.249020036138678,3.698945482809751,-364.68641948433134,6.36153247797459,-6.501933735366098,real data,4
16.38387931778326,4.582523493588187,-360.7012934210406,6.532779644274015,-0.19903947306826453,real data,4
0.0003464506185650862,5.094460324742454,-297.1269941866927,54.501032379739925,6.775641373153693,real data,4
2.51400189682277e-7,5.086796725229702,-297.070401886183,54.58924208068472,6.76143277808638,real data,4
1.0008486137241554e-10,5.079189242318244,-297.01901839108996,54.66854207675479,6.746316652159365,real data,4
1.0000000000000002e-10,5.071601879546363,-296.9678892173024,54.747855676314416,6.731119136758977,real data,4
1.0000000000000002e-10,5.067818283623274,-296.9424357956792,54.78749302330029,6.723495257435971,real data,4
1.0000000000000002e-10,5.064039741671107,-296.9170452187287,54.82713468967769,6.715851314195579,real data,4
1.0000000000000002e-10,5.060266263374095,-296.89171754994055,54.86678046780631,6.708187338252301,real data,4
1.0000000000000002e-10,5.056497858387548,-296.8664528519652,54.90643014943185,6.700503361339123,real data,4
1.0000000000000002e-10,5.052734536337574,-296.8412511866102,54.94608352568878,6.69279941571061,real data,4
1.0000000000000002e-10,5.048976306820809,-296.8161126148367,54.98574038710647,6.685075534141603,real data,4
1.0000000000000002e-10,5.045223179404137,-296.79103719675635,55.02540052360942,6.677331749929468,real data,4
1.0000000000000002e-10,5.0414751636244155,-296.7660249916277,55.06506372452441,6.669568096895048,real data,4
1.0000000000000002e-10,5.037732268988204,-296.74107605785287,55.1047297785838,6.661784609383055,real data,4
1.0000000000000002e-10,5.033994504971485,-296.7161904529746,55.144398473926984,6.653981322263217,real data,4
1.0000000000000002e-10,5.03026188101939,-296.6913682336726,55.184069598108266,6.646158270930993,real data,4
1.0000000000000002e-10,5.026534406545927,-296.6666094557606,55.223742938098106,6.638315491308891,real data,4
1.0000000000000002e-10,5.022812090933702,-296.6419141741828,55.26341828028815,6.630453019846666,real data,4
1.0000000000000002e-10,5.019094943533647,-296.6172824430112,55.30309541049447,6.6225708935222265,real data,4
1.0000000000000002e-10,5.015382973664742,-296.5927143154422,55.342774113964744,6.614669149842527,real data,4
1.0000000000000002e-10,5.0116761906137475,-296.56820984379357,55.382454175377674,6.606747826844455,real data,4
1.0000000000000002e-10,5.007974603634922,-296.5437690795011,55.42213537885186,6.598806963095615,real data,4
1.0000000000000002e-10,5.004278221949755,-296.5193920731161,55.46181750794776,6.590846597694156,real data,4
1.0000000000000002e-10,5.000587054746687,-296.49507887430195,55.501500345672504,6.582866770270165,real data,4
1.0000000000000002e-10,4.996901111180841,-296.4708295318314,55.5411836744835,6.574867520986757,real data,4
1.0000000000000002e-10,4.993220400373747,-296.4466440935834,55.58086727629456,6.566848890539077,real data,4
1.0000000000000002e-10,4.989544931413068,-296.4225226065407,55.62055093247922,6.558810920156535,real data,4
1.0000000000000002e-10,4.98587471335233,-296.39846511678627,55.66023442387642,6.550753651602687,real data,4
1.0000000000000002e-10,4.982209755210645,-296.3744716695009,55.69991753079355,6.542677127175505,real data,4
1.0000000000000002e-10,4.978550065972443,-296.3505423089607,55.739600033011136,6.534581389707917,real data,4
1.0000000000000002e-10,4.974895654587197,-296.3266770785335,55.77928170979025,6.526466482568679,real data,4
1.0000000000000002e-10,4.971246529969154,-296.3028760206771,55.81896233987284,6.518332449662786,real data,4
1.0000000000000002e-10,4.967602700997061,-296.279139176936,55.85864170149124,6.510179335431378,real data,4
1.0000000000000002e-10,4.963964176513896,-296.2554665879386,55.89831957236933,6.5020071848523,real data,4
1.0000000000000002e-10,4.960330965326596,-296.2318582933953,55.93799572972891,6.493816043440432,real data,4
1.0000000000000002e-10,4.956703076205791,-296.2083143320953,55.97766995029498,6.485605957248751,real data,4
1.0000000000000002e-10,4.953080517885526,-296.18483474190435,56.01734201029898,6.477376972867322,real data,4
1.0000000000000002e-10,4.949463299063001,-296.1614195597622,56.05701168548624,6.469129137424517,real data,4
1.0000000000000002e-10,4.945851428398294,-296.13806882168006,56.096678751118674,6.460862498586835,real data,4
1.0000000000000002e-10,4.9422449145141,-296.1147825627383,56.13634298198287,6.452577104559143,real data,4
1.0000000000000002e-10,4.938643765995456,-296.0915608170842,56.17600415239064,6.444273004085115,real data,4
1.0000000000000002e-10,4.935047991389482,-296.06840361792916,56.21566203618862,6.43595024644674,real data,4
1.0000000000000002e-10,4.931457599205102,-296.0453109975469,56.255316406761054,6.427608881465151,real data,4
1.0000000000000002e-10,4.927872597912792,-296.02228298727107,56.29496703703651,6.419248959500429,real data,4
1.0000000000000002e-10,4.924292995944302,-295.9993196174927,56.334613699491015,6.410870531451419,real data,4
1.0000000000000002e-10,4.920718801692397,-295.97642091765846,56.37425616615683,6.402473648755862,real data,4
1.0000000000000002e-10,4.917150023510593,-295.9535869162684,56.413894208623006,6.3940583633906805,real data,4
1.0000000000000002e-10,4.913586669712888,-295.9308176408737,56.453527598046946,6.385624727871843,real data,4
1.0000000000000002e-10,4.910028748573504,-295.90811311807477,56.493156105152934,6.377172795253621,real data,4
1.0000000000000002e-10,4.90647626832662,-295.8854733735192,56.532779500244885,6.368702619129138,real data,4
1.0000000000000002e-10,4.902929237166112,-295.86289843189974,56.57239755320496,6.360214253630538,real data,4
1.0000000000000002e-10,4.899387663245291,-295.8403883169525,56.61201003350476,6.351707753427931,real data,4
1.0000000000000002e-10,4.895851554676641,-295.8179430514549,56.651616710208486,6.343183173729642,real data,4
1.0000000000000002e-10,4.892320919531563,-295.7955626572241,56.69121735197693,6.334640570282097,real data,4
1.0000000000000002e-10,4.8887957658401096,-295.7732471551147,56.7308117270781,6.326079999369124,real data,4
1.0000000000000002e-10,4.885276101590731,-295.75099656501766,56.77039960338675,6.317501517812417,real data,4
1.0000000000000002e-10,4.881761934730015,-295.728810905858,56.80998074839651,6.308905182970058,real data,4
1.0000000000000002e-10,4.878253273162431,-295.70669019559335,56.84955492922026,6.300291052737617,real data,4
1.0000000000000002e-10,4.874750124750072,-295.6846344512126,56.88912191259921,6.291659185546042,real data,4
1.0000000000000002e-10,4.8712524973124,-295.6626436887338,56.9286814649091,6.283009640362586,real data,4
1.0000000000000002e-10,4.867760398625993,-295.640717923203,56.968233352163814,6.274342476690332,real data,4
1.0000000000000002e-10,4.864273836424288,-295.61885716869267,57.00777734002228,6.265657754566149,real data,4
1.0000000000000002e-10,4.86079281839733,-295.5970614383002,57.04731319379624,6.256955534562074,real data,4
1.0000000000000002e-10,4.8573173521915205,-295.57533074414675,57.086840678454536,6.248235877783699,real data,4
1.0000000000000002e-10,4.853847445409363,-295.55366509737536,57.12635955862942,6.2394988458699,real data,4
1.0000000000000002e-10,4.850383105609216,-295.53206450815014,57.16586959862349,6.23074450099157,real data,4
1.0000000000000002e-10,4.846924340305043,-295.5105289856549,57.20537056241438,6.221972905852404,real data,4
1.0000000000000002e-10,4.843471156966164,-295.48905853809197,57.24486221366266,6.213184123686148,real data,4
1.0000000000000002e-10,4.840023563017005,-295.4676531726806,57.28434431571853,6.204378218258082,real data,4
1.0000000000000002e-10,4.836581565836856,-295.4463128956566,57.323816631624865,6.195555253862146,real data,4
1.0000000000000002e-10,4.833145172759625,-295.4250377122705,57.36327892412765,6.186715295322102,real data,4
1.0000000000000002e-10,4.82971439107359,-295.4038276267872,57.40273095568015,6.177858407989007,real data,4
1.0000000000000002e-10,4.826289228021157,-295.38268264248444,57.44217248844859,6.16898465774138,real data,4
1.0000000000000002e-10,4.82286969079862,-295.3616027616523,57.481603284321075,6.160094110983962,real data,4
1.0000000000000002e-10,4.819455786555918,-295.34058798559187,57.52102310491175,6.151186834646776,real data,4
1.0000000000000002e-10,4.816047522396394,-295.3196383146149,57.56043171156866,6.1422628961842385,real data,4
1.0000000000000002e-10,4.8126449053765565,-295.29875374804266,57.59982886538055,6.133322363574113,real data,4
1.0000000000000002e-10,4.809247942505843,-295.2779342842053,57.63921432718221,6.124365305315944,real data,4
1.0000000000000002e-10,4.805856640746381,-295.2571799204413,57.67858785756174,6.115391790431538,real data,4
1.0000000000000002e-10,4.802471007012752,-295.23649065309655,57.71794921686782,6.106401888461466,real data,4
1.0000000000000002e-10,4.79909104817176,-295.2158664775241,57.75729816521497,6.097395669466465,real data,4
1.0000000000000002e-10,4.795716771042194,-295.1953073880833,57.79663446249154,6.088373204024251,real data,4
1.0000000000000002e-10,4.792348182394601,-295.1748133781394,57.835957868367665,6.07933456322937,real data,4
1.0000000000000002e-10,4.78898528895105,-295.1543844400633,57.875268142297756,6.070279818691603,real data,4
1.0000000000000002e-10,4.7856280973849055,-295.13402056523097,57.91456504353291,6.0612090425348235,real data,4
1.0000000000000002e-10,4.782276614320597,-295.113721744023,57.95384833112236,6.0521223073951305,real data,4
1.0000000000000002e-10,4.7789308463333935,-295.0934879658246,57.99311776392558,6.0430196864203545,real data,4
1.0000000000000002e-10,4.775590799949179,-295.0733192190251,58.03237310061481,6.033901253268386,real data,4
1.0000000000000002e-10,4.772256481644224,-295.0532154910179,58.071614099684346,6.0247670821053525,real data,4
1.0000000000000002e-10,4.768927897844964,-295.0331767682003,58.11084051945684,6.015617247604144,real data,4
1.0000000000000002e-10,4.765605054927781,-295.01320303597333,58.15005211809201,6.0064518249436425,real data,4
1.0000000000000002e-10,4.762287959218778,-294.99329427874176,58.189248653590596,5.997270889806234,real data,4
1.0000000000000002e-10,4.758976616993562,-294.9734504799141,58.228429883802725,5.9880745183773705,real data,4
1.0000000000000002e-10,4.755671034477026,-294.9536716219028,58.267595566437905,5.978862787343061,real data,4
1.0000000000000002e-10,4.752371217843136,-294.93395768612396,58.306745459066235,5.969635773887951,real data,4
1.0000000000000002e-10,4.749077173214709,-294.914308652998,58.34587931913211,5.9603935556946155,real data,4
1.0000000000000002e-10,4.745788906663207,-294.89472450194955,58.3849969039568,5.951136210941648,real data,4
1.0000000000000002e-10,4.74250642420852,-294.87520521140766,58.424097970746494,5.941863818301346,real data,4
20.642427062094573,4.566006823372288,-366.9674083660282,5.304055271513854,-0.4056099507720674,real data,4
0.00037908571228228993,6.160876942115982,-305.1387456038911,45.30263800060029,8.004427958151869,real data,4
9.92768360307027e-8,6.151383148156999,-305.05847966241856,45.377310682460504,7.99972843028382,real data,4
1.0007989728721641e-10,6.141962027230711,-304.98313754833396,45.4451874952699,7.994320092932883,real data,4
1.0000000000000002e-10,6.132550348936556,-304.90792328342553,45.51319749771734,7.9888460843543925,real data,4
1.0000000000000002e-10,6.1278492660640715,-304.8703735386837,45.54724436809852,7.986085122811559,real data,4
1.0000000000000002e-10,6.123150575668611,-304.8328559153762,45.581324815882326,7.983307679785176,real data,4
1.0000000000000002e-10,6.118454287730823,-304.7953705574115,45.615438804858634,7.980513715940724,real data,4
1.0000000000000002e-10,6.113760412248247,-304.75791760881515,45.649586298292206,7.977703191995769,real data,4
1.0000000000000002e-10,6.109068959235249,-304.7204972137271,45.68376725891926,7.974876068721279,real data,4
1.0000000000000002e-10,6.1043799387229525,-304.6831095163997,45.71798164894637,7.972032306943072,real data,4
1.0000000000000002e-10,6.09969336075917,-304.64575466119504,45.75222943004626,7.969171867542997,real data,4
1.0000000000000002e-10,6.095009235408334,-304.6084327925829,45.78651056335844,7.966294711460719,real data,4
1.0000000000000002e-10,6.090327572751425,-304.5711440551379,45.820825009482824,7.963400799695199,real data,4
1.0000000000000002e-10,6.085648382885903,-304.5338885935374,45.85517272848166,7.960490093305422,real data,4
1.0000000000000002e-10,6.0809716759256345,-304.496666552559,45.889553679874545,7.957562553412675,real data,4
1.0000000000000002e-10,6.0762974620008166,-304.45947807707796,45.92396782263597,7.954618141201543,real data,4
1.0000000000000002e-10,6.071625751257908,-304.42232331206475,45.95841511519522,7.95165681792164,real data,4
1.0000000000000002e-10,6.066956553859552,-304.3852024025825,45.99289551543117,7.948678544888663,real data,4
1.0000000000000002e-10,6.062289879984501,-304.3481154937847,46.02740898067246,7.94568328348657,real data,4
1.0000000000000002e-10,6.057625739827538,-304.3110627309123,46.0619554676939,7.942670995167891,real data,4
1.0000000000000002e-10,6.052964143599402,-304.2740442592916,46.096534932714306,7.939641641456991,real data,4
1.0000000000000002e-10,6.048305101526711,-304.237060224331,46.13114733139418,7.936595183949995,real data,4
1.0000000000000002e-10,6.043648623851877,-304.2001107715191,46.165792618833905,7.9335315843166505,real data,4
1.0000000000000002e-10,6.038994720833032,-304.1631960464218,46.20047074956988,7.930450804302858,real data,4
1.0000000000000002e-10,6.034343402743944,-304.12631619467936,46.235181677575234,7.92735280573061,real data,4
1.0000000000000002e-10,6.029694679873934,-304.0894713620043,46.26992535625377,7.92423755050107,real data,4
1.0000000000000002e-10,6.025048562527797,-304.05266169417825,46.30470173844112,7.921105000595215,real data,4
1.0000000000000002e-10,6.020405061025713,-304.0158873370496,46.33951077640011,7.917955118075094,real data,4
1.0000000000000002e-10,6.015764185703167,-303.9791484365306,46.37435242181864,7.914787865086854,real data,4
1.0000000000000002e-10,6.011125946910863,-303.9424451385945,46.40922662580931,7.91160320386061,real data,4
1.0000000000000002e-10,6.006490355014632,-303.90577758927316,46.44413333890545,7.90840109671333,real data,4
1.0000000000000002e-10,6.001857420395351,-303.86914593465394,46.47907251105811,7.905181506049608,real data,4
1.0000000000000002e-10,5.99722715344885,-303.8325503208772,46.51404409163668,7.9019443943635785,real data,4
1.0000000000000002e-10,5.992599564585826,-303.7959908941331,46.549048029423375,7.898689724241114,real data,4
1.0000000000000002e-10,5.987974664231751,-303.7594678006593,46.58408427261275,7.895417458359978,real data,4
1.0000000000000002e-10,5.98335246282678,-303.7229811867375,46.61915276881028,7.892127559493238,real data,4
1.0000000000000002e-10,5.978732970825658,-303.6865311986912,46.65425346502676,7.888819990509351,real data,4
1.0000000000000002e-10,5.974116198697631,-303.65011798288236,46.689386307680614,7.885494714374779,real data,4
1.0000000000000002e-10,5.969502156926348,-303.61374168570865,46.72455124259129,7.8821516941556595,real data,4
1.0000000000000002e-10,5.964890856009765,-303.5774024536005,46.7597482149797,7.878790893018724,real data,4
1.0000000000000002e-10,5.960282306460053,-303.54110043301824,46.794977169466044,7.875412274233675,real data,4
1.0000000000000002e-10,5.955676518803498,-303.5048357704492,46.830238050066036,7.872015801174554,real data,4
1.0000000000000002e-10,5.951073503580403,-303.46860861240435,46.86553080018888,7.868601437321997,real data,4
1.0000000000000002e-10,5.946473271344989,-303.4324191054158,46.90085536263686,7.865169146263657,real data,4
1.0000000000000002e-10,5.941875832665296,-303.39626739603347,46.93621167960131,7.861718891697414,real data,4
1.0000000000000002e-10,5.937281198123082,-303.36015363082225,46.97159969266016,7.858250637432022,real data,4
1.0000000000000002e-10,5.932689378313718,-303.32407795635856,47.00701934277822,7.854764347389601,real data,4
1.0000000000000002e-10,5.92810038384609,-303.2880405192279,47.0424705703021,7.8512599856066885,real data,4
1.0000000000000002e-10,5.92351422534249,-303.2520414660211,47.07795331495955,7.847737516236535,real data,4
1.0000000000000002e-10,5.9189309134385155,-303.21608094333186,47.113467515857124,7.844196903550646,real data,4
1.0000000000000002e-10,5.91435045878296,-303.18015909775295,47.149013111477814,7.840638111940288,real data,4
1.0000000000000002e-10,5.909772872037706,-303.14427607587373,47.18459003967796,7.837061105918778,real data,4
1.0000000000000002e-10,5.905198163877621,-303.10843202427634,47.22019823768794,7.83346585012308,real data,4
1.0000000000000002e-10,5.900626344990444,-303.0726270895331,47.255837642106535,7.829852309315136,real data,4
1.0000000000000002e-10,5.896057426076678,-303.0368614182029,47.291508188900536,7.82622044838468,real data,4
1.0000000000000002e-10,5.891491417849477,-303.0011351568281,47.327209813403805,7.822570232349847,real data,4
1.0000000000000002e-10,5.886928331034537,-302.9654484519314,47.36294245031148,7.818901626359786,real data,4
1.0000000000000002e-10,5.882368176369979,-302.9298014500126,47.398706033682565,7.815214595696293,real data,4
1.0000000000000002e-10,5.877810964606238,-302.89419429754486,47.43450049693337,7.811509105775675,real data,4
1.0000000000000002e-10,5.873256706505947,-302.8586271409721,47.47032577283892,7.807785122150516,real data,4
1.0000000000000002e-10,5.86870541284382,-302.82310012670524,47.506181793528874,7.804042610511434,real data,4
1.0000000000000002e-10,5.8641570944065355,-302.78761340111896,47.54206849048536,7.800281536688939,real data,4
1.0000000000000002e-10,5.859611761992619,-302.7521671105485,47.577985794541846,7.79650186665592,real data,4
1.0000000000000002e-10,5.8550694264123235,-302.7167614012859,47.61393363588156,7.792703566528676,real data,4
1.0000000000000002e-10,5.850530098487506,-302.68139641957725,47.64991194403377,7.788886602568805,real data,4
1.0000000000000002e-10,5.845993789051511,-302.6460723116186,47.68592064787228,7.785050941186077,real data,4
1.0000000000000002e-10,5.841460508949046,-302.61078922355296,47.72195967561402,7.781196548939288,real data,4
1.0000000000000002e-10,5.836930269036058,-302.5755473014669,47.7580289548169,7.777323392538715,real data,4
1.0000000000000002e-10,5.832403080179608,-302.5403466913868,47.7941284123769,7.773431438847526,real data,4
1.0000000000000002e-10,5.8278789532577475,-302.5051875392755,47.83025797452812,7.769520654884408,real data,4
1.0000000000000002e-10,5.823357899159392,-302.470069991029,47.866417566837114,7.765591007825174,real data,4
1.0000000000000002e-10,5.8188399287841905,-302.43499419247263,47.902607114205395,7.7616424650044475,real data,4
1.0000000000000002e-10,5.814325053042401,-302.39996028935775,47.938826540864284,7.757674993917716,real data,4
1.0000000000000002e-10,5.809813282854757,-302.3649684273583,47.97507577037297,7.753688562223802,real data,4
1.0000000000000002e-10,5.805304629152338,-302.3300187520667,48.01135472561927,7.749683137745832,real data,4
1.0000000000000002e-10,5.80079910287644,-302.29511140899086,48.047663328814956,7.745658688474432,real data,4
1.0000000000000002e-10,5.79629671497844,-302.2602465435506,48.08400150149445,7.741615182568273,real data,4
1.0000000000000002e-10,5.79179747641966,-302.2254243010733,48.12036916451424,7.737552588357669,real data,4
1.0000000000000002e-10,5.7873013981712385,-302.1906448267912,48.156766238048675,7.733470874345173,real data,4
1.0000000000000002e-10,5.782808491213988,-302.15590826583707,48.19319264159071,7.729370009207969,real data,4
1.0000000000000002e-10,5.778318766538261,-302.1212147632409,48.22964829394772,7.725249961800682,real data,4
1.0000000000000002e-10,5.773832235143811,-302.0865644639262,48.26613311324095,7.7211107011560465,real data,4
1.0000000000000002e-10,5.769348908039653,-302.05195751270605,48.30264701690363,7.7169521964880445,real data,4
1.0000000000000002e-10,5.764868796243925,-302.0173940542796,48.33918992167814,7.7127744171930885,real data,4
1.0000000000000002e-10,5.760391910783744,-301.9828742332283,48.37576174361521,7.708577332852935,real data,4
1.0000000000000002e-10,5.755918262695063,-301.9483981940122,48.41236239807242,7.704360913236172,real data,4
1.0000000000000002e-10,5.751447863022532,-301.913966080966,48.44899179971026,7.7001251282996215,real data,4
1.0000000000000002e-10,5.746980722819349,-301.8795780382955,48.4856498624935,7.695869948192065,real data,4
1.0000000000000002e-10,5.742516853147113,-301.8452342100737,48.52233649968706,7.691595343254534,real data,4
1.0000000000000002e-10,5.738056265075683,-301.8109347402368,48.55905162385406,7.6873012840239205,real data,4
1.0000000000000002e-10,5.733598969683024,-301.77667977258074,48.59579514685654,7.682987741233653,real data,4
1.0000000000000002e-10,5.729144978055063,-301.7424694507571,48.63256697985129,7.678654685816699,real data,4
1.0000000000000002e-10,5.7246943012855365,-301.7083039182693,48.669367033289355,7.6743020889072895,real data,4
1.0000000000000002e-10,5.720246950475836,-301.6741833184686,48.70619521691381,7.669929921843243,real data,4
1.0000000000000002e-10,5.715802936734864,-301.6401077945505,48.743051439758325,7.665538156167738,real data,4
1.0000000000000002e-10,5.7113622711788725,-301.60607748955056,48.77993561014567,7.661126763631341,real data,4
1.0000000000000002e-10,5.7069249649313125,-301.5720925463406,48.8168476356861,7.656695716194852,real data,4
1.0000000000000002e-10,5.70249102912268,-301.5381531076248,48.85378742327424,7.652244986030407,real data,4
1.0000000000000002e-10,5.698060474890354,-301.50425931593554,48.89075487909039,7.647774545524607,real data,4
21.248915484809842,5.225994314312352,-368.34630622351983,5.104744394816163,1.9759998304216353,real data,4
15.888466246547583,3.2438233766023967,-366.6429989201509,6.931639625655085,-12.487724434225008,real data,4
14.429427007419193,5.997707369180276,-360.42182737703723,7.055446958550134,3.7644582118334196,real data,4
9.703881775697102,3.5421648211079164,-350.4468214428224,10.664188624084566,-7.823964067215776,real data,4
0.003064860945118042,10.931292778442184,-343.118064474922,25.795163322318736,7.331649107989143,real data,4
9.090522075274167e-5,10.930447475261655,-343.09268087545536,25.81362961106389,7.333664576446765,real data,4
1.314630125804001e-7,10.930421686341013,-343.0919059409278,25.814193643143653,7.333726133394116,real data,4
3.5757483215902106e-10,10.930421649094397,-343.09190482167594,25.814194457797324,7.333726222303108,real data,4
Inf,Inf,NaN,NaN,NaN,simulated data,4
Inf,Inf,NaN,NaN,NaN,simulated data,4
Inf,Inf,NaN,NaN,NaN,simulated data,4
Inf,Inf,NaN,NaN,NaN,simulated data,4
Inf,Inf,NaN,NaN,NaN,simulated data,4
Inf,Inf,NaN,NaN,NaN,simulated data,4
Inf,Inf,NaN,NaN,NaN,simulated data,4
Inf,Inf,NaN,NaN,NaN,simulated data,4
Inf,Inf,NaN,NaN,NaN,simulated data,4
Inf,Inf,NaN,NaN,NaN,simulated data,4
Inf,Inf,NaN,NaN,NaN,simulated data,4
Inf,Inf,NaN,NaN,NaN,simulated data,4
Inf,Inf,NaN,NaN,NaN,simulated data,4
Inf,Inf,NaN,NaN,NaN,simulated data,4
Inf,Inf,NaN,NaN,NaN,simulated data,4
Inf,Inf,NaN,NaN,NaN,simulated data,4
Inf,Inf,NaN,NaN,NaN,simulated data,4
Inf,Inf,NaN,NaN,NaN,simulated data,4
Inf,Inf,NaN,NaN,NaN,simulated data,4
Inf,Inf,NaN,NaN,NaN,simulated data,4
Inf,Inf,NaN,NaN,NaN,simulated data,4
Inf,Inf,NaN,NaN,NaN,simulated data,4
Inf,Inf,NaN,NaN,NaN,simulated data,4
Inf,Inf,NaN,NaN,NaN,simulated data,4
Inf,Inf,NaN,NaN,NaN,simulated data,4
Inf,Inf,NaN,NaN,NaN,simulated data,4
Inf,Inf,NaN,NaN,NaN,simulated data,4
Inf,Inf,NaN,NaN,NaN,simulated data,4
Inf,Inf,NaN,NaN,NaN,simulated data,4
Inf,Inf,NaN,NaN,NaN,simulated data,4
Inf,Inf,NaN,NaN,NaN,simulated data,4
Inf,Inf,NaN,NaN,NaN,simulated data,4
Inf,Inf,NaN,NaN,NaN,simulated data,4
Inf,Inf,NaN,NaN,NaN,simulated data,4
Inf,Inf,NaN,NaN,NaN,simulated data,4
Inf,Inf,NaN,NaN,NaN,simulated data,4
Inf,Inf,NaN,NaN,NaN,simulated data,4
Inf,Inf,NaN,NaN,NaN,simulated data,4
Inf,Inf,NaN,NaN,NaN,simulated data,4
Inf,Inf,NaN,NaN,NaN,simulated data,4
0.00010054862864272707,0.00012583093320817085,920.9697399994417,102236.69835641491,35731.1163685692,simulated data,4
0.00010053922223906405,0.00011985816170050107,922.0499173050727,123671.33158886724,2649.6902548918733,simulated data,4
0.00010050357645182187,0.00011882264144847398,922.0502633771066,122146.84725158091,-4135.40766791068,simulated data,4
0.0001004730591434408,0.00012026872393626678,922.0503414866013,123859.09731453331,5250.608072281699,simulated data,4
0.00010046006998067329,0.00011925742214962309,922.0527689308979,122485.56473411655,-1277.2514844207326,simulated data,4
0.00010054862864272707,0.00012583093320817085,920.9697399994417,102236.69835641491,35731.1163685692,simulated data,4
0.00010053922223906405,0.00011985816170050107,922.0499173050727,123671.33158886724,2649.6902548918733,simulated data,4
0.00010050357645182187,0.00011882264144847398,922.0502633771066,122146.84725158091,-4135.40766791068,simulated data,4
0.0001004730591434408,0.00012026872393626678,922.0503414866013,123859.09731453331,5250.608072281699,simulated data,4
0.00010046006998067329,0.00011925742214962309,922.0527689308979,122485.56473411655,-1277.2514844207326,simulated data,4
0.00010054862864272707,0.00012583093320817085,920.9697399994417,102236.69835641491,35731.1163685692,simulated data,4
0.00010053922223906405,0.00011985816170050107,922.0499173050727,123671.33158886724,2649.6902548918733,simulated data,4
0.00010050357645182187,0.00011882264144847398,922.0502633771066,122146.84725158091,-4135.40766791068,simulated data,4
0.0001004730591434408,0.00012026872393626678,922.0503414866013,123859.09731453331,5250.608072281699,simulated data,4
0.00010046006998067329,0.00011925742214962309,922.0527689308979,122485.56473411655,-1277.2514844207326,simulated data,4
0.00010054862864272707,0.00012583093320817085,920.9697399994417,102236.69835641491,35731.1163685692,simulated data,4
0.00010053922223906405,0.00011985816170050107,922.0499173050727,123671.33158886724,2649.6902548918733,simulated data,4
0.00010050357645182187,0.00011882264144847398,922.0502633771066,122146.84725158091,-4135.40766791068,simulated data,4
0.0001004730591434408,0.00012026872393626678,922.0503414866013,123859.09731453331,5250.608072281699,simulated data,4
0.00010046006998067329,0.00011925742214962309,922.0527689308979,122485.56473411655,-1277.2514844207326,simulated data,4
0.00010054862864272707,0.00012583093320817085,920.9697399994417,102236.69835641491,35731.1163685692,simulated data,4
0.00010053922223906405,0.00011985816170050107,922.0499173050727,123671.33158886724,2649.6902548918733,simulated data,4
0.00010050357645182187,0.00011882264144847398,922.0502633771066,122146.84725158091,-4135.40766791068,simulated data,4
0.0001004730591434408,0.00012026872393626678,922.0503414866013,123859.09731453331,5250.608072281699,simulated data,4
0.00010046006998067329,0.00011925742214962309,922.0527689308979,122485.56473411655,-1277.2514844207326,simulated data,4
0.00010054862864272707,0.00012583093320817085,920.9697399994417,102236.69835641491,35731.1163685692,simulated data,4
0.00010053922223906405,0.00011985816170050107,922.0499173050727,123671.33158886724,2649.6902548918733,simulated data,4
0.00010050357645182187,0.00011882264144847398,922.0502633771066,122146.84725158091,-4135.40766791068,simulated data,4
0.0001004730591434408,0.00012026872393626678,922.0503414866013,123859.09731453331,5250.608072281699,simulated data,4
0.00010046006998067329,0.00011925742214962309,922.0527689308979,122485.56473411655,-1277.2514844207326,simulated data,4
0.00010054862864272707,0.00012583093320817085,920.9697399994417,102236.69835641491,35731.1163685692,simulated data,4
0.00010053922223906405,0.00011985816170050107,922.0499173050727,123671.33158886724,2649.6902548918733,simulated data,4
0.00010050357645182187,0.00011882264144847398,922.0502633771066,122146.84725158091,-4135.40766791068,simulated data,4
0.0001004730591434408,0.00012026872393626678,922.0503414866013,123859.09731453331,5250.608072281699,simulated data,4
0.00010046006998067329,0.00011925742214962309,922.0527689308979,122485.56473411655,-1277.2514844207326,simulated data,4
0.00010054862864272707,0.00012583093320817085,920.9697399994417,102236.69835641491,35731.1163685692,simulated data,4
0.00010053922223906405,0.00011985816170050107,922.0499173050727,123671.33158886724,2649.6902548918733,simulated data,4
0.00010050357645182187,0.00011882264144847398,922.0502633771066,122146.84725158091,-4135.40766791068,simulated data,4
0.0001004730591434408,0.00012026872393626678,922.0503414866013,123859.09731453331,5250.608072281699,simulated data,4
0.00010046006998067329,0.00011925742214962309,922.0527689308979,122485.56473411655,-1277.2514844207326,simulated data,4
0.00010054862864272707,0.00012583093320817085,920.9697399994417,102236.69835641491,35731.1163685692,simulated data,4
0.00010053922223906405,0.00011985816170050107,922.0499173050727,123671.33158886724,2649.6902548918733,simulated data,4
0.00010050357645182187,0.00011882264144847398,922.0502633771066,122146.84725158091,-4135.40766791068,simulated data,4
0.0001004730591434408,0.00012026872393626678,922.0503414866013,123859.09731453331,5250.608072281699,simulated data,4
0.00010046006998067329,0.00011925742214962309,922.0527689308979,122485.56473411655,-1277.2514844207326,simulated data,4
0.0001017595151151518,0.00011500650457962891,924.8594447662462,43392.48505895934,12299.588242028956,simulated data,4
0.00010164713097562916,0.00011289403676944333,925.0542683220895,44905.073819367564,-2161.0272222931962,simulated data,4
0.00010102570679676919,0.00011473289141513807,925.053366665057,43863.71207733557,10504.12522721081,simulated data,4
0.00010054862864272707,0.00012583093320817085,920.9697399994417,102236.69835641491,35731.1163685692,simulated data,4
0.00010053922223906405,0.00011985816170050107,922.0499173050727,123671.33158886724,2649.6902548918733,simulated data,4
0.00010050357645182187,0.00011882264144847398,922.0502633771066,122146.84725158091,-4135.40766791068,simulated data,4
0.0001004730591434408,0.00012026872393626678,922.0503414866013,123859.09731453331,5250.608072281699,simulated data,4
0.00010046006998067329,0.00011925742214962309,922.0527689308979,122485.56473411655,-1277.2514844207326,simulated data,4
