seed,N,T,ρ_true,ρ_est,ρ_start,ρ_lower,ρ_upper,σₐ²_true,σₐ²_est,σₐ²_start,σₐ²_lower,σₐ²_upper,σᵤ²_true,σᵤ²_est,σᵤ²_start,σᵤ²_lower,σᵤ²_upper,LL,runtime,notes
16,4,60,0.8785,0.8785,0.8785,0.878,0.879,0.0001,0.00012997363809663653,3.6288344,0.0001,Inf,0.0001,0.0001061384732747861,3.6288344,0.0001,Inf,931.5942066051207,2023-02-09 19:07:45,Estimated parameters after simple MLE with no GLS (no trend)
13,4,60,0.8785,0.8785,0.8785,0.878,0.879,0.0001,0.00010600496704871176,3.6288344,0.0001,Inf,0.0001,0.00010343501113130316,3.6288344,0.0001,Inf,933.8671678952543,2023-02-09 19:07:48,Estimated parameters after simple MLE with no GLS (no trend)
19,4,60,0.8785,0.8785,0.8785,0.878,0.879,0.0001,0.00010030538742045181,3.6288344,0.0001,Inf,0.0001,0.00012483614343006266,3.6288344,0.0001,Inf,933.1653393788488,2023-02-09 19:08:09,Estimated parameters after simple MLE with no GLS (no trend)
3,4,60,0.8785,0.8785,0.8785,0.878,0.879,0.0001,0.0001003187601478217,3.6288344,0.0001,Inf,0.0001,0.00011844838804586644,3.6288344,0.0001,Inf,937.3943157058544,2023-02-09 19:08:10,Estimated parameters after simple MLE with no GLS (no trend)
15,4,60,0.8785,0.8785,0.8785,0.878,0.879,0.0001,0.00010400456125125856,3.6288344,0.0001,Inf,0.0001,0.00012192388066711857,3.6288344,0.0001,Inf,916.4628927778376,2023-02-09 19:08:12,Estimated parameters after simple MLE with no GLS (no trend)
5,4,60,0.8785,0.8785,0.8785,0.878,0.879,0.0001,0.00011054775562735486,3.6288344,0.0001,Inf,0.0001,0.00010096445559071299,3.6288344,0.0001,Inf,939.9124417582342,2023-02-09 19:08:15,Estimated parameters after simple MLE with no GLS (no trend)
20,4,60,0.8785,0.8785,0.8785,0.878,0.879,0.0001,0.00010034323684227076,3.6288344,0.0001,Inf,0.0001,0.00013280112547642275,3.6288344,0.0001,Inf,923.7777560759514,2023-02-09 19:08:16,Estimated parameters after simple MLE with no GLS (no trend)
12,4,60,0.8785,0.8785,0.8785,0.878,0.879,0.0001,0.00010041292076401476,3.6288344,0.0001,Inf,0.0001,0.0001162045982847637,3.6288344,0.0001,Inf,935.6863246373333,2023-02-09 19:08:17,Estimated parameters after simple MLE with no GLS (no trend)
10,4,60,0.8785,0.8785,0.8785,0.878,0.879,0.0001,0.00010032479754773505,3.6288344,0.0001,Inf,0.0001,0.0001242834088230893,3.6288344,0.0001,Inf,933.0759408745613,2023-02-09 19:08:18,Estimated parameters after simple MLE with no GLS (no trend)
9,4,60,0.8785,0.8785,0.8785,0.878,0.879,0.0001,0.00012210733962270126,3.6288344,0.0001,Inf,0.0001,0.00010090488131719866,3.6288344,0.0001,Inf,939.5576428873793,2023-02-09 19:08:18,Estimated parameters after simple MLE with no GLS (no trend)
1,4,60,0.8785,0.8785,0.8785,0.878,0.879,0.0001,0.00010109393751278617,3.6288344,0.0001,Inf,0.0001,0.00012335016878495253,3.6288344,0.0001,Inf,919.2706574677495,2023-02-09 19:08:19,Estimated parameters after simple MLE with no GLS (no trend)
7,4,60,0.8785,0.8785,0.8785,0.878,0.879,0.0001,0.00010053204105586744,3.6288344,0.0001,Inf,0.0001,0.00012145525823292758,3.6288344,0.0001,Inf,927.8184779527901,2023-02-09 19:08:21,Estimated parameters after simple MLE with no GLS (no trend)
18,4,60,0.8785,0.8785,0.8785,0.878,0.879,0.0001,0.00010417207746149515,3.6288344,0.0001,Inf,0.0001,0.00010183658607099133,3.6288344,0.0001,Inf,938.5491034787426,2023-02-09 19:08:22,Estimated parameters after simple MLE with no GLS (no trend)
14,4,60,0.8785,0.8785,0.8785,0.878,0.879,0.0001,0.00010037267518114845,3.6288344,0.0001,Inf,0.0001,0.00012608011209591652,3.6288344,0.0001,Inf,928.9530682846166,2023-02-09 19:08:22,Estimated parameters after simple MLE with no GLS (no trend)
17,4,60,0.8785,0.8785,0.8785,0.878,0.879,0.0001,0.0001002310719844246,3.6288344,0.0001,Inf,0.0001,0.00011709270726489862,3.6288344,0.0001,Inf,946.9762206677478,2023-02-09 19:08:24,Estimated parameters after simple MLE with no GLS (no trend)
11,4,60,0.8785,0.8785,0.8785,0.878,0.879,0.0001,0.00010011831896461487,3.6288344,0.0001,Inf,0.0001,0.00013946652765239875,3.6288344,0.0001,Inf,946.3871197743048,2023-02-09 19:08:25,Estimated parameters after simple MLE with no GLS (no trend)
4,4,60,0.8785,0.8785,0.8785,0.878,0.879,0.0001,0.00010678779428996421,3.6288344,0.0001,Inf,0.0001,0.00010033548028731687,3.6288344,0.0001,Inf,954.3627048498578,2023-02-09 19:08:46,Estimated parameters after simple MLE with no GLS (no trend)
2,4,60,0.8785,0.8785,0.8785,0.878,0.879,0.0001,0.000108575644494735,3.6288344,0.0001,Inf,0.0001,0.00011509909380347239,3.6288344,0.0001,Inf,921.4062287741154,2023-02-09 19:08:49,Estimated parameters after simple MLE with no GLS (no trend)
8,4,60,0.8785,0.8785,0.8785,0.878,0.879,0.0001,0.00012440032403615575,3.6288344,0.0001,Inf,0.0001,0.0001018078240360154,3.6288344,0.0001,Inf,934.5090857019213,2023-02-09 19:08:51,Estimated parameters after simple MLE with no GLS (no trend)
6,4,60,0.8785,0.8785,0.8785,0.878,0.879,0.0001,0.00010042578113322875,3.6288344,0.0001,Inf,0.0001,0.00011432787411358447,3.6288344,0.0001,Inf,936.6713133326135,2023-02-09 19:08:52,Estimated parameters after simple MLE with no GLS (no trend)
18,4,60,0.8785,0.8785,0.8785,0.878,0.879,0.0001,0.1177959957699386,3.6288344,0.0001,Inf,2.4192896,2.0760774781425537,3.6288344,0.0001,Inf,-225.45359738449204,2023-02-09 19:10:18,Estimated parameters after simple MLE with no GLS (no trend)
3,4,60,0.8785,0.8785,0.8785,0.878,0.879,0.0001,0.08501667137117908,3.6288344,0.0001,Inf,2.4192896,2.22920368433513,3.6288344,0.0001,Inf,-226.77176300717602,2023-02-09 19:10:27,Estimated parameters after simple MLE with no GLS (no trend)
9,4,60,0.8785,0.8785,0.8785,0.878,0.879,0.0001,0.04542677189388966,3.6288344,0.0001,Inf,2.4192896,1.9338186188931479,3.6288344,0.0001,Inf,-215.13786135812342,2023-02-09 19:10:30,Estimated parameters after simple MLE with no GLS (no trend)
10,4,60,0.8785,0.8785,0.8785,0.878,0.879,0.0001,0.21546458348582664,3.6288344,0.0001,Inf,2.4192896,2.3562112691906725,3.6288344,0.0001,Inf,-240.45803581174678,2023-02-09 19:10:30,Estimated parameters after simple MLE with no GLS (no trend)
17,4,60,0.8785,0.8785,0.8785,0.878,0.879,0.0001,0.08309078440675988,3.6288344,0.0001,Inf,2.4192896,1.9923630090937845,3.6288344,0.0001,Inf,-218.5039512205915,2023-02-09 19:10:30,Estimated parameters after simple MLE with no GLS (no trend)
5,4,60,0.8785,0.8785,0.8785,0.878,0.879,0.0001,0.08157474228209649,3.6288344,0.0001,Inf,2.4192896,2.008430841275539,3.6288344,0.0001,Inf,-218.84259578129038,2023-02-09 19:10:31,Estimated parameters after simple MLE with no GLS (no trend)
20,4,60,0.8785,0.8785,0.8785,0.878,0.879,0.0001,0.10769001117168697,3.6288344,0.0001,Inf,2.4192896,2.618708623817385,3.6288344,0.0001,Inf,-247.94730894087115,2023-02-09 19:10:31,Estimated parameters after simple MLE with no GLS (no trend)
13,4,60,0.8785,0.8785,0.8785,0.878,0.879,0.0001,0.23053640389651653,3.6288344,0.0001,Inf,2.4192896,2.1924415560242494,3.6288344,0.0001,Inf,-233.25865662130653,2023-02-09 19:10:32,Estimated parameters after simple MLE with no GLS (no trend)
16,4,60,0.8785,0.8785,0.8785,0.878,0.879,0.0001,0.2552335883372767,3.6288344,0.0001,Inf,2.4192896,2.1137183494786655,3.6288344,0.0001,Inf,-230.63894050090627,2023-02-09 19:10:32,Estimated parameters after simple MLE with no GLS (no trend)
7,4,60,0.8785,0.8785,0.8785,0.878,0.879,0.0001,0.0019101652121911172,3.6288344,0.0001,Inf,2.4192896,2.4593243104560307,3.6288344,0.0001,Inf,-232.3998061195852,2023-02-09 19:10:37,Estimated parameters after simple MLE with no GLS (no trend)
12,4,60,0.8785,0.8785,0.8785,0.878,0.879,0.0001,0.0024509462667152704,3.6288344,0.0001,Inf,2.4192896,2.241956930861985,3.6288344,0.0001,Inf,-224.45645621507464,2023-02-09 19:10:38,Estimated parameters after simple MLE with no GLS (no trend)
11,4,60,0.8785,0.8785,0.8785,0.878,0.879,0.0001,0.008149566843211886,3.6288344,0.0001,Inf,2.4192896,2.0530423338290875,3.6288344,0.0001,Inf,-217.89811964424788,2023-02-09 19:10:38,Estimated parameters after simple MLE with no GLS (no trend)
14,4,60,0.8785,0.8785,0.8785,0.878,0.879,0.0001,0.007930928027881201,3.6288344,0.0001,Inf,2.4192896,2.447269150547687,3.6288344,0.0001,Inf,-235.26220657222848,2023-02-09 19:10:38,Estimated parameters after simple MLE with no GLS (no trend)
19,4,60,0.8785,0.8785,0.8785,0.878,0.879,0.0001,0.0019003495276765925,3.6288344,0.0001,Inf,2.4192896,2.3476243944284914,3.6288344,0.0001,Inf,-228.3081746955463,2023-02-09 19:10:42,Estimated parameters after simple MLE with no GLS (no trend)
1,4,60,0.8785,0.8785,0.8785,0.878,0.879,0.0001,0.004350495998481918,3.6288344,0.0001,Inf,2.4192896,2.6576287551505313,3.6288344,0.0001,Inf,-245.24544858660272,2023-02-09 19:10:47,Estimated parameters after simple MLE with no GLS (no trend)
4,4,60,0.8785,0.8785,0.8785,0.878,0.879,0.0001,0.39409793481203526,3.6288344,0.0001,Inf,2.4192896,1.7779704375542582,3.6288344,0.0001,Inf,-219.36856608935668,2023-02-09 19:10:49,Estimated parameters after simple MLE with no GLS (no trend)
15,4,60,0.8785,0.8785,0.8785,0.878,0.879,0.0001,0.0015503786786363882,3.6288344,0.0001,Inf,2.4192896,2.7106237931886965,3.6288344,0.0001,Inf,-242.40094196331611,2023-02-09 19:10:49,Estimated parameters after simple MLE with no GLS (no trend)
8,4,60,0.8785,0.8785,0.8785,0.878,0.879,0.0001,0.08077695830529397,3.6288344,0.0001,Inf,2.4192896,2.0369378914259206,3.6288344,0.0001,Inf,-221.34670387331033,2023-02-09 19:10:55,Estimated parameters after simple MLE with no GLS (no trend)
6,4,60,0.8785,0.8785,0.8785,0.878,0.879,0.0001,0.0027606218971576446,3.6288344,0.0001,Inf,2.4192896,2.2085436897894457,3.6288344,0.0001,Inf,-223.33814047392633,2023-02-09 19:10:58,Estimated parameters after simple MLE with no GLS (no trend)
2,4,60,0.8785,0.8785,0.8785,0.878,0.879,0.0001,0.002447967631174386,3.6288344,0.0001,Inf,2.4192896,2.5031039403501563,3.6288344,0.0001,Inf,-236.2979549304573,2023-02-09 19:11:04,Estimated parameters after simple MLE with no GLS (no trend)
10,4,60,0.8785,0.8785,0.8785,0.878,0.879,0.0001,0.17093210561710492,3.6288344,0.0001,Inf,4.8384792,5.549708840649381,3.6288344,0.0001,Inf,-323.21119810745256,2023-02-09 19:12:14,Estimated parameters after simple MLE with no GLS (no trend)
16,4,60,0.8785,0.8785,0.8785,0.878,0.879,0.0001,0.7900265350935349,3.6288344,0.0001,Inf,4.8384792,4.639716639679259,3.6288344,0.0001,Inf,-314.3626964859844,2023-02-09 19:12:27,Estimated parameters after simple MLE with no GLS (no trend)
19,4,60,0.8785,0.8785,0.8785,0.878,0.879,0.0001,0.002503874810012796,3.6288344,0.0001,Inf,4.8384792,5.327122501332575,3.6288344,0.0001,Inf,-311.8165030122468,2023-02-09 19:12:37,Estimated parameters after simple MLE with no GLS (no trend)
18,4,60,0.8785,0.8785,0.8785,0.878,0.879,0.0001,0.065218807482045,3.6288344,0.0001,Inf,4.8384792,4.773426580604542,3.6288344,0.0001,Inf,-307.87162528785177,2023-02-09 19:12:38,Estimated parameters after simple MLE with no GLS (no trend)
11,4,60,0.8785,0.8785,0.8785,0.878,0.879,0.0001,0.0032556362145292894,3.6288344,0.0001,Inf,4.8384792,4.653888718829426,3.6288344,0.0001,Inf,-300.70844522218243,2023-02-09 19:12:44,Estimated parameters after simple MLE with no GLS (no trend)
9,4,60,0.8785,0.8785,0.8785,0.878,0.879,0.0001,0.03936629660461133,3.6288344,0.0001,Inf,4.8384792,4.378816139426748,3.6288344,0.0001,Inf,-297.51227316051046,2023-02-09 19:12:46,Estimated parameters after simple MLE with no GLS (no trend)
7,4,60,0.8785,0.8785,0.8785,0.878,0.879,0.0001,0.0040252027392422285,3.6288344,0.0001,Inf,4.8384792,5.5888300352732525,3.6288344,0.0001,Inf,-316.08948026733833,2023-02-09 19:12:47,Estimated parameters after simple MLE with no GLS (no trend)
13,4,60,0.8785,0.8785,0.8785,0.878,0.879,0.0001,0.15691015395108598,3.6288344,0.0001,Inf,4.8384792,5.071165991826156,3.6288344,0.0001,Inf,-315.7579091165424,2023-02-09 19:12:48,Estimated parameters after simple MLE with no GLS (no trend)
5,4,60,0.8785,0.8785,0.8785,0.878,0.879,0.0001,0.015723404953439157,3.6288344,0.0001,Inf,4.8384792,4.549980270691741,3.6288344,0.0001,Inf,-301.1957081983899,2023-02-09 19:12:53,Estimated parameters after simple MLE with no GLS (no trend)
14,4,60,0.8785,0.8785,0.8785,0.878,0.879,0.0001,0.004338665493575089,3.6288344,0.0001,Inf,4.8384792,5.660791079657376,3.6288344,0.0001,Inf,-318.6642210684096,2023-02-09 19:12:54,Estimated parameters after simple MLE with no GLS (no trend)
1,4,60,0.8785,0.8785,0.8785,0.878,0.879,0.0001,0.004864332384804992,3.6288344,0.0001,Inf,4.8384792,6.293565241076887,3.6288344,0.0001,Inf,-328.9283165125972,2023-02-09 19:12:57,Estimated parameters after simple MLE with no GLS (no trend)
3,4,60,0.8785,0.8785,0.8785,0.878,0.879,0.0001,0.0043528318420809065,3.6288344,0.0001,Inf,4.8384792,5.0658641822260755,3.6288344,0.0001,Inf,-309.3077106275499,2023-02-09 19:12:57,Estimated parameters after simple MLE with no GLS (no trend)
17,4,60,0.8785,0.8785,0.8785,0.878,0.879,0.0001,0.01010133383397438,3.6288344,0.0001,Inf,4.8384792,4.518766857332759,3.6288344,0.0001,Inf,-300.85618198439147,2023-02-09 19:12:57,Estimated parameters after simple MLE with no GLS (no trend)
15,4,60,0.8785,0.8785,0.8785,0.878,0.879,0.0001,0.0030014284210246878,3.6288344,0.0001,Inf,4.8384792,6.234968902930867,3.6288344,0.0001,Inf,-326.4433615504849,2023-02-09 19:12:59,Estimated parameters after simple MLE with no GLS (no trend)
12,4,60,0.8785,0.8785,0.8785,0.878,0.879,0.0001,0.002730991063119692,3.6288344,0.0001,Inf,4.8384792,5.081984806265829,3.6288344,0.0001,Inf,-307.74978956630866,2023-02-09 19:13:04,Estimated parameters after simple MLE with no GLS (no trend)
20,4,60,0.8785,0.8785,0.8785,0.878,0.879,0.0001,0.00881590763849971,3.6288344,0.0001,Inf,4.8384792,6.335025058957877,3.6288344,0.0001,Inf,-331.17672104977305,2023-02-09 19:13:05,Estimated parameters after simple MLE with no GLS (no trend)
4,4,60,0.8785,0.8785,0.8785,0.878,0.879,0.0001,1.3134633738456132,3.6288344,0.0001,Inf,4.8384792,3.8432112202145454,3.6288344,0.0001,Inf,-303.4756671414218,2023-02-09 19:13:13,Estimated parameters after simple MLE with no GLS (no trend)
8,4,60,0.8785,0.8785,0.8785,0.878,0.879,0.0001,0.030966043650599406,3.6288344,0.0001,Inf,4.8384792,4.646982386976448,3.6288344,0.0001,Inf,-303.75476995465556,2023-02-09 19:13:14,Estimated parameters after simple MLE with no GLS (no trend)
2,4,60,0.8785,0.8785,0.8785,0.878,0.879,0.0001,0.003149199987444007,3.6288344,0.0001,Inf,4.8384792,5.76880716955024,3.6288344,0.0001,Inf,-319.8890254774151,2023-02-09 19:13:20,Estimated parameters after simple MLE with no GLS (no trend)
6,4,60,0.8785,0.8785,0.8785,0.878,0.879,0.0001,0.003266461368654383,3.6288344,0.0001,Inf,4.8384792,5.007315158328406,3.6288344,0.0001,Inf,-306.55758740914166,2023-02-09 19:13:22,Estimated parameters after simple MLE with no GLS (no trend)
11,4,60,0.8785,0.8785,0.8785,0.878,0.879,0.0001,0.04417340344172871,3.6288344,0.0001,Inf,7.2576688,8.029613942247938,3.6288344,0.0001,Inf,-351.2620925320087,2023-02-09 19:14:45,Estimated parameters after simple MLE with no GLS (no trend)
3,4,60,0.8785,0.8785,0.8785,0.878,0.879,0.0001,0.01063981500812039,3.6288344,0.0001,Inf,7.2576688,8.97310754910903,3.6288344,0.0001,Inf,-360.49307975908874,2023-02-09 19:14:59,Estimated parameters after simple MLE with no GLS (no trend)
5,4,60,0.8785,0.8785,0.8785,0.878,0.879,0.0001,0.008428586607106325,3.6288344,0.0001,Inf,7.2576688,8.078044679972944,3.6288344,0.0001,Inf,-351.66756039685276,2023-02-09 19:15:07,Estimated parameters after simple MLE with no GLS (no trend)
7,4,60,0.8785,0.8785,0.8785,0.878,0.879,0.0001,0.011406525811727075,3.6288344,0.0001,Inf,7.2576688,9.703515472719749,3.6288344,0.0001,Inf,-367.5200695094734,2023-02-09 19:15:08,Estimated parameters after simple MLE with no GLS (no trend)
18,4,60,0.8785,0.8785,0.8785,0.878,0.879,0.0001,0.044018977245447566,3.6288344,0.0001,Inf,7.2576688,8.760009173588623,3.6288344,0.0001,Inf,-358.9883636789536,2023-02-09 19:15:08,Estimated parameters after simple MLE with no GLS (no trend)
12,4,60,0.8785,0.8785,0.8785,0.878,0.879,0.0001,0.012428212678153194,3.6288344,0.0001,Inf,7.2576688,8.793994198157439,3.6288344,0.0001,Inf,-358.70212382768983,2023-02-09 19:15:09,Estimated parameters after simple MLE with no GLS (no trend)
1,4,60,0.8785,0.8785,0.8785,0.878,0.879,0.0001,0.012163255539031859,3.6288344,0.0001,Inf,7.2576688,11.571742995980445,3.6288344,0.0001,Inf,-382.2518612155438,2023-02-09 19:15:09,Estimated parameters after simple MLE with no GLS (no trend)
16,4,60,0.8785,0.8785,0.8785,0.878,0.879,0.0001,0.059282061410423914,3.6288344,0.0001,Inf,7.2576688,9.49924689730109,3.6288344,0.0001,Inf,-365.3723911593905,2023-02-09 19:15:10,Estimated parameters after simple MLE with no GLS (no trend)
20,4,60,0.8785,0.8785,0.8785,0.878,0.879,0.0001,0.01661675331520973,3.6288344,0.0001,Inf,7.2576688,12.250512462897202,3.6288344,0.0001,Inf,-385.9310084071678,2023-02-09 19:15:11,Estimated parameters after simple MLE with no GLS (no trend)
17,4,60,0.8785,0.8785,0.8785,0.878,0.879,0.0001,0.011141978218947912,3.6288344,0.0001,Inf,7.2576688,8.03562165493468,3.6288344,0.0001,Inf,-351.31191994020065,2023-02-09 19:15:11,Estimated parameters after simple MLE with no GLS (no trend)
13,4,60,0.8785,0.8785,0.8785,0.878,0.879,0.0001,0.03172333824490314,3.6288344,0.0001,Inf,7.2576688,9.902225126712636,3.6288344,0.0001,Inf,-368.3874008963451,2023-02-09 19:15:13,Estimated parameters after simple MLE with no GLS (no trend)
10,4,60,0.8785,0.8785,0.8785,0.878,0.879,0.0001,0.07033804932510979,3.6288344,0.0001,Inf,7.2576688,11.009105355831187,3.6288344,0.0001,Inf,-377.0937896213561,2023-02-09 19:15:13,Estimated parameters after simple MLE with no GLS (no trend)
19,4,60,0.8785,0.8785,0.8785,0.878,0.879,0.0001,0.005908229647839214,3.6288344,0.0001,Inf,7.2576688,9.239160129882523,3.6288344,0.0001,Inf,-363.00836316044985,2023-02-09 19:15:16,Estimated parameters after simple MLE with no GLS (no trend)
14,4,60,0.8785,0.8785,0.8785,0.878,0.879,0.0001,0.008502689601457725,3.6288344,0.0001,Inf,7.2576688,10.081657866959105,3.6288344,0.0001,Inf,-370.6020814664166,2023-02-09 19:15:17,Estimated parameters after simple MLE with no GLS (no trend)
9,4,60,0.8785,0.8785,0.8785,0.878,0.879,0.0001,0.0074560040464475286,3.6288344,0.0001,Inf,7.2576688,7.70907625442212,3.6288344,0.0001,Inf,-347.6347866380852,2023-02-09 19:15:19,Estimated parameters after simple MLE with no GLS (no trend)
15,4,60,0.8785,0.8785,0.8785,0.878,0.879,0.0001,0.012902667428629222,3.6288344,0.0001,Inf,7.2576688,10.993313299847044,3.6288344,0.0001,Inf,-378.7074628633366,2023-02-09 19:15:19,Estimated parameters after simple MLE with no GLS (no trend)
4,4,60,0.8785,0.8785,0.8785,0.878,0.879,0.0001,0.8147925320155887,3.6288344,0.0001,Inf,7.2576688,7.198837682069064,3.6288344,0.0001,Inf,-351.92259669717674,2023-02-09 19:15:27,Estimated parameters after simple MLE with no GLS (no trend)
6,4,60,0.8785,0.8785,0.8785,0.878,0.879,0.0001,0.005369859909545749,3.6288344,0.0001,Inf,7.2576688,8.679041849756706,3.6288344,0.0001,Inf,-357.4346121652655,2023-02-09 19:15:31,Estimated parameters after simple MLE with no GLS (no trend)
8,4,60,0.8785,0.8785,0.8785,0.878,0.879,0.0001,0.04392052736675067,3.6288344,0.0001,Inf,7.2576688,8.296697200038738,3.6288344,0.0001,Inf,-354.43209925874515,2023-02-09 19:15:31,Estimated parameters after simple MLE with no GLS (no trend)
2,4,60,0.8785,0.8785,0.8785,0.878,0.879,0.0001,0.00856670525515213,3.6288344,0.0001,Inf,7.2576688,10.20756415352909,3.6288344,0.0001,Inf,-371.8096279436117,2023-02-09 19:15:31,Estimated parameters after simple MLE with no GLS (no trend)
19,4,60,0.8785,0.8785,0.8785,0.878,0.879,2.4192896,1.822495590967937,3.6288344,0.0001,Inf,0.0001,0.00010927932087234637,3.6288344,0.0001,Inf,632.6926758455958,2023-02-09 19:18:33,Estimated parameters after simple MLE with no GLS (no trend)
18,4,60,0.8785,0.8785,0.8785,0.878,0.879,2.4192896,1.8638587539596474,3.6288344,0.0001,Inf,0.0001,0.00011041133914080348,3.6288344,0.0001,Inf,640.9921766346566,2023-02-09 19:18:35,Estimated parameters after simple MLE with no GLS (no trend)
7,4,60,0.8785,0.8785,0.8785,0.878,0.879,2.4192896,1.8339348118509897,3.6288344,0.0001,Inf,0.0001,0.00010907391390047039,3.6288344,0.0001,Inf,628.8419710998728,2023-02-09 19:18:47,Estimated parameters after simple MLE with no GLS (no trend)
10,4,60,0.8785,0.8785,0.8785,0.878,0.879,2.4192896,1.716328856226578,3.6288344,0.0001,Inf,0.0001,0.00010929378429747061,3.6288344,0.0001,Inf,634.4424566536626,2023-02-09 19:18:49,Estimated parameters after simple MLE with no GLS (no trend)
16,4,60,0.8785,0.8785,0.8785,0.878,0.879,2.4192896,1.896899534567794,3.6288344,0.0001,Inf,0.0001,0.00010172823848497714,3.6288344,0.0001,Inf,640.6467877036204,2023-02-09 19:18:52,Estimated parameters after simple MLE with no GLS (no trend)
20,4,60,0.8785,0.8785,0.8785,0.878,0.879,2.4192896,1.8212362312112003,3.6288344,0.0001,Inf,0.0001,0.00012013418015177635,3.6288344,0.0001,Inf,623.8310346475564,2023-02-09 19:18:55,Estimated parameters after simple MLE with no GLS (no trend)
11,4,60,0.8785,0.8785,0.8785,0.878,0.879,2.4192896,1.0708889872708576,3.6288344,0.0001,Inf,0.0001,0.00010176110399617855,3.6288344,0.0001,Inf,658.287308017848,2023-02-09 19:18:55,Estimated parameters after simple MLE with no GLS (no trend)
3,4,60,0.8785,0.8785,0.8785,0.878,0.879,2.4192896,1.4056229374017022,3.6288344,0.0001,Inf,0.0001,0.00010483371058978008,3.6288344,0.0001,Inf,644.7417756428102,2023-02-09 19:18:56,Estimated parameters after simple MLE with no GLS (no trend)
12,4,60,0.8785,0.8785,0.8785,0.878,0.879,2.4192896,1.880138208243963,3.6288344,0.0001,Inf,0.0001,0.00010565768309467316,3.6288344,0.0001,Inf,635.3521389135657,2023-02-09 19:18:58,Estimated parameters after simple MLE with no GLS (no trend)
1,4,60,0.8785,0.8785,0.8785,0.878,0.879,2.4192896,1.85751498002302,3.6288344,0.0001,Inf,0.0001,0.00012175867215802327,3.6288344,0.0001,Inf,621.8480481448222,2023-02-09 19:18:59,Estimated parameters after simple MLE with no GLS (no trend)
13,4,60,0.8785,0.8785,0.8785,0.878,0.879,2.4192896,1.792715516869835,3.6288344,0.0001,Inf,0.0001,0.00010346607183819856,3.6288344,0.0001,Inf,639.2280720381859,2023-02-09 19:19:02,Estimated parameters after simple MLE with no GLS (no trend)
17,4,60,0.8785,0.8785,0.8785,0.878,0.879,2.4192896,1.339274834813434,3.6288344,0.0001,Inf,0.0001,0.00010116064446030748,3.6288344,0.0001,Inf,654.4050981607808,2023-02-09 19:19:02,Estimated parameters after simple MLE with no GLS (no trend)
14,4,60,0.8785,0.8785,0.8785,0.878,0.879,2.4192896,1.5773870393228102,3.6288344,0.0001,Inf,0.0001,0.0001131232042950181,3.6288344,0.0001,Inf,633.2494731383068,2023-02-09 19:19:02,Estimated parameters after simple MLE with no GLS (no trend)
15,4,60,0.8785,0.8785,0.8785,0.878,0.879,2.4192896,2.083653811109499,3.6288344,0.0001,Inf,0.0001,0.00012032731383992967,3.6288344,0.0001,Inf,617.4613337121388,2023-02-09 19:19:03,Estimated parameters after simple MLE with no GLS (no trend)
5,4,60,0.8785,0.8785,0.8785,0.878,0.879,2.4192896,1.8296625756709421,3.6288344,0.0001,Inf,0.0001,0.00010102580416049278,3.6288344,0.0001,Inf,644.8529344007691,2023-02-09 19:19:06,Estimated parameters after simple MLE with no GLS (no trend)
9,4,60,0.8785,0.8785,0.8785,0.878,0.879,2.4192896,2.0425620050662916,3.6288344,0.0001,Inf,0.0001,0.00010079978832644443,3.6288344,0.0001,Inf,644.0283014895646,2023-02-09 19:19:11,Estimated parameters after simple MLE with no GLS (no trend)
4,4,60,0.8785,0.8785,0.8785,0.878,0.879,2.4192896,1.4245844275227886,3.6288344,0.0001,Inf,0.0001,0.00010110654411077391,3.6288344,0.0001,Inf,662.2091187947887,2023-02-09 19:19:35,Estimated parameters after simple MLE with no GLS (no trend)
8,4,60,0.8785,0.8785,0.8785,0.878,0.879,2.4192896,2.380898021969108,3.6288344,0.0001,Inf,0.0001,0.00010544401478496113,3.6288344,0.0001,Inf,635.7629499338913,2023-02-09 19:19:37,Estimated parameters after simple MLE with no GLS (no trend)
2,4,60,0.8785,0.8785,0.8785,0.878,0.879,2.4192896,1.989941165226053,3.6288344,0.0001,Inf,0.0001,0.000115140442777939,3.6288344,0.0001,Inf,624.8876824910184,2023-02-09 19:19:40,Estimated parameters after simple MLE with no GLS (no trend)
6,4,60,0.8785,0.8785,0.8785,0.878,0.879,2.4192896,1.9212756247077143,3.6288344,0.0001,Inf,0.0001,0.00010873312415693448,3.6288344,0.0001,Inf,635.7427317543622,2023-02-09 19:19:41,Estimated parameters after simple MLE with no GLS (no trend)
1,4,60,0.8785,0.8785,0.8785,0.878,0.879,2.4192896,2.613744147027786,3.6288344,0.0001,Inf,2.4192896,3.0463356758505817,3.6288344,0.0001,Inf,-292.1996018565822,2023-02-09 19:20:50,Estimated parameters after simple MLE with no GLS (no trend)
5,4,60,0.8785,0.8785,0.8785,0.878,0.879,2.4192896,2.7963369259625424,3.6288344,0.0001,Inf,2.4192896,2.6207902186647205,3.6288344,0.0001,Inf,-272.0555554320976,2023-02-09 19:20:50,Estimated parameters after simple MLE with no GLS (no trend)
15,4,60,0.8785,0.8785,0.8785,0.878,0.879,2.4192896,2.70156189063107,3.6288344,0.0001,Inf,2.4192896,3.06164810393327,3.6288344,0.0001,Inf,-294.9519246950773,2023-02-09 19:20:52,Estimated parameters after simple MLE with no GLS (no trend)
7,4,60,0.8785,0.8785,0.8785,0.878,0.879,2.4192896,2.531147154079793,3.6288344,0.0001,Inf,2.4192896,2.9171963185835397,3.6288344,0.0001,Inf,-283.5246917229898,2023-02-09 19:20:53,Estimated parameters after simple MLE with no GLS (no trend)
11,4,60,0.8785,0.8785,0.8785,0.878,0.879,2.4192896,1.836207039471664,3.6288344,0.0001,Inf,2.4192896,2.5765398665501444,3.6288344,0.0001,Inf,-256.47176140254203,2023-02-09 19:20:54,Estimated parameters after simple MLE with no GLS (no trend)
17,4,60,0.8785,0.8785,0.8785,0.878,0.879,2.4192896,2.119798548064316,3.6288344,0.0001,Inf,2.4192896,2.462519964039134,3.6288344,0.0001,Inf,-261.624085776633,2023-02-09 19:21:00,Estimated parameters after simple MLE with no GLS (no trend)
18,4,60,0.8785,0.8785,0.8785,0.878,0.879,2.4192896,2.7040518894062666,3.6288344,0.0001,Inf,2.4192896,2.6609720815384623,3.6288344,0.0001,Inf,-273.4136919211323,2023-02-09 19:21:02,Estimated parameters after simple MLE with no GLS (no trend)
20,4,60,0.8785,0.8785,0.8785,0.878,0.879,2.4192896,2.448523804902147,3.6288344,0.0001,Inf,2.4192896,3.0379292861262033,3.6288344,0.0001,Inf,-287.06577710083536,2023-02-09 19:21:03,Estimated parameters after simple MLE with no GLS (no trend)
16,4,60,0.8785,0.8785,0.8785,0.878,0.879,2.4192896,3.1289147274034685,3.6288344,0.0001,Inf,2.4192896,2.6829668339346027,3.6288344,0.0001,Inf,-280.05183195974496,2023-02-09 19:21:04,Estimated parameters after simple MLE with no GLS (no trend)
10,4,60,0.8785,0.8785,0.8785,0.878,0.879,2.4192896,2.432207887055779,3.6288344,0.0001,Inf,2.4192896,2.8588027946504315,3.6288344,0.0001,Inf,-277.63736533897116,2023-02-09 19:21:04,Estimated parameters after simple MLE with no GLS (no trend)
9,4,60,0.8785,0.8785,0.8785,0.878,0.879,2.4192896,2.9815055718514456,3.6288344,0.0001,Inf,2.4192896,2.5966002785310565,3.6288344,0.0001,Inf,-272.3791268469047,2023-02-09 19:21:04,Estimated parameters after simple MLE with no GLS (no trend)
13,4,60,0.8785,0.8785,0.8785,0.878,0.879,2.4192896,2.7637277637935407,3.6288344,0.0001,Inf,2.4192896,2.7153680215217877,3.6288344,0.0001,Inf,-277.9451543014743,2023-02-09 19:21:04,Estimated parameters after simple MLE with no GLS (no trend)
3,4,60,0.8785,0.8785,0.8785,0.878,0.879,2.4192896,2.4496195331741406,3.6288344,0.0001,Inf,2.4192896,2.7720186813815393,3.6288344,0.0001,Inf,-273.51612985688485,2023-02-09 19:21:05,Estimated parameters after simple MLE with no GLS (no trend)
19,4,60,0.8785,0.8785,0.8785,0.878,0.879,2.4192896,2.423904224793791,3.6288344,0.0001,Inf,2.4192896,2.8599318818819564,3.6288344,0.0001,Inf,-277.4763758474358,2023-02-09 19:21:05,Estimated parameters after simple MLE with no GLS (no trend)
12,4,60,0.8785,0.8785,0.8785,0.878,0.879,2.4192896,2.499692006768915,3.6288344,0.0001,Inf,2.4192896,2.784191539535933,3.6288344,0.0001,Inf,-275.58439900960946,2023-02-09 19:21:05,Estimated parameters after simple MLE with no GLS (no trend)
14,4,60,0.8785,0.8785,0.8785,0.878,0.879,2.4192896,2.4630020946756503,3.6288344,0.0001,Inf,2.4192896,2.9268922062649425,3.6288344,0.0001,Inf,-281.9896728832491,2023-02-09 19:21:05,Estimated parameters after simple MLE with no GLS (no trend)
2,4,60,0.8785,0.8785,0.8785,0.878,0.879,2.4192896,2.79241081256866,3.6288344,0.0001,Inf,2.4192896,2.9222066946138403,3.6288344,0.0001,Inf,-290.0414669075666,2023-02-09 19:21:16,Estimated parameters after simple MLE with no GLS (no trend)
6,4,60,0.8785,0.8785,0.8785,0.878,0.879,2.4192896,2.5110847478587877,3.6288344,0.0001,Inf,2.4192896,2.7618310453764816,3.6288344,0.0001,Inf,-274.6936234500411,2023-02-09 19:21:16,Estimated parameters after simple MLE with no GLS (no trend)
8,4,60,0.8785,0.8785,0.8785,0.878,0.879,2.4192896,3.071076081797698,3.6288344,0.0001,Inf,2.4192896,2.6529363338398424,3.6288344,0.0001,Inf,-277.385981883097,2023-02-09 19:21:16,Estimated parameters after simple MLE with no GLS (no trend)
4,4,60,0.8785,0.8785,0.8785,0.878,0.879,2.4192896,2.5700688957822195,3.6288344,0.0001,Inf,2.4192896,2.4565254019810876,3.6288344,0.0001,Inf,-257.0776783446657,2023-02-09 19:21:18,Estimated parameters after simple MLE with no GLS (no trend)
3,4,60,0.8785,0.8785,0.8785,0.878,0.879,2.4192896,2.0382609216609575,3.6288344,0.0001,Inf,4.8384792,5.337317263109842,3.6288344,0.0001,Inf,-341.4643392013204,2023-02-09 19:22:24,Estimated parameters after simple MLE with no GLS (no trend)
1,4,60,0.8785,0.8785,0.8785,0.878,0.879,2.4192896,1.8619939816631452,3.6288344,0.0001,Inf,4.8384792,8.251103921067688,3.6288344,0.0001,Inf,-364.5307294436412,2023-02-09 19:22:24,Estimated parameters after simple MLE with no GLS (no trend)
17,4,60,0.8785,0.8785,0.8785,0.878,0.879,2.4192896,2.167668913020833,3.6288344,0.0001,Inf,4.8384792,4.4521766891954915,3.6288344,0.0001,Inf,-329.98549708388515,2023-02-09 19:22:25,Estimated parameters after simple MLE with no GLS (no trend)
11,4,60,0.8785,0.8785,0.8785,0.878,0.879,2.4192896,0.9988080781405251,3.6288344,0.0001,Inf,4.8384792,4.764374129207453,3.6288344,0.0001,Inf,-322.7192556412395,2023-02-09 19:22:30,Estimated parameters after simple MLE with no GLS (no trend)
19,4,60,0.8785,0.8785,0.8785,0.878,0.879,2.4192896,1.778771376775751,3.6288344,0.0001,Inf,4.8384792,5.563230367414992,3.6288344,0.0001,Inf,-342.95598810436337,2023-02-09 19:22:32,Estimated parameters after simple MLE with no GLS (no trend)
10,4,60,0.8785,0.8785,0.8785,0.878,0.879,2.4192896,1.8676923836344401,3.6288344,0.0001,Inf,4.8384792,5.769067031674713,3.6288344,0.0001,Inf,-345.41388273363475,2023-02-09 19:22:35,Estimated parameters after simple MLE with no GLS (no trend)
18,4,60,0.8785,0.8785,0.8785,0.878,0.879,2.4192896,2.5774122787129503,3.6288344,0.0001,Inf,4.8384792,5.04482634513867,3.6288344,0.0001,Inf,-340.7848954766862,2023-02-09 19:22:35,Estimated parameters after simple MLE with no GLS (no trend)
20,4,60,0.8785,0.8785,0.8785,0.878,0.879,2.4192896,1.6482573748596,3.6288344,0.0001,Inf,4.8384792,6.941892489033432,3.6288344,0.0001,Inf,-355.57258938007345,2023-02-09 19:22:36,Estimated parameters after simple MLE with no GLS (no trend)
13,4,60,0.8785,0.8785,0.8785,0.878,0.879,2.4192896,2.6920473857630367,3.6288344,0.0001,Inf,4.8384792,5.784893666180661,3.6288344,0.0001,Inf,-347.45256743683325,2023-02-09 19:22:37,Estimated parameters after simple MLE with no GLS (no trend)
16,4,60,0.8785,0.8785,0.8785,0.878,0.879,2.4192896,3.913938204391175,3.6288344,0.0001,Inf,4.8384792,6.2132378450397905,3.6288344,0.0001,Inf,-351.95931661260687,2023-02-09 19:22:37,Estimated parameters after simple MLE with no GLS (no trend)
7,4,60,0.8785,0.8785,0.8785,0.878,0.879,2.4192896,1.8684700895839041,3.6288344,0.0001,Inf,4.8384792,6.30218818400833,3.6288344,0.0001,Inf,-350.7331543395616,2023-02-09 19:22:37,Estimated parameters after simple MLE with no GLS (no trend)
14,4,60,0.8785,0.8785,0.8785,0.878,0.879,2.4192896,1.8216491473263543,3.6288344,0.0001,Inf,4.8384792,6.267324696517337,3.6288344,0.0001,Inf,-350.16536404566136,2023-02-09 19:22:37,Estimated parameters after simple MLE with no GLS (no trend)
12,4,60,0.8785,0.8785,0.8785,0.878,0.879,2.4192896,1.9518787861596762,3.6288344,0.0001,Inf,4.8384792,5.347605727293361,3.6288344,0.0001,Inf,-341.2405788751218,2023-02-09 19:22:37,Estimated parameters after simple MLE with no GLS (no trend)
5,4,60,0.8785,0.8785,0.8785,0.878,0.879,2.4192896,2.727226955191368,3.6288344,0.0001,Inf,4.8384792,4.934144009823613,3.6288344,0.0001,Inf,-339.378374062701,2023-02-09 19:22:37,Estimated parameters after simple MLE with no GLS (no trend)
9,4,60,0.8785,0.8785,0.8785,0.878,0.879,2.4192896,2.9488431619622073,3.6288344,0.0001,Inf,4.8384792,5.086138864216632,3.6288344,0.0001,Inf,-339.6312612729894,2023-02-09 19:22:37,Estimated parameters after simple MLE with no GLS (no trend)
15,4,60,0.8785,0.8785,0.8785,0.878,0.879,2.4192896,1.9833225836764923,3.6288344,0.0001,Inf,4.8384792,8.540679608521591,3.6288344,0.0001,Inf,-367.04398966001384,2023-02-09 19:22:37,Estimated parameters after simple MLE with no GLS (no trend)
4,4,60,0.8785,0.8785,0.8785,0.878,0.879,2.4192896,2.8949506212719687,3.6288344,0.0001,Inf,4.8384792,3.9190043270407138,3.6288344,0.0001,Inf,-325.5390955763477,2023-02-09 19:22:49,Estimated parameters after simple MLE with no GLS (no trend)
2,4,60,0.8785,0.8785,0.8785,0.878,0.879,2.4192896,2.492269454705818,3.6288344,0.0001,Inf,4.8384792,7.423177735941183,3.6288344,0.0001,Inf,-360.93776539645893,2023-02-09 19:22:49,Estimated parameters after simple MLE with no GLS (no trend)
6,4,60,0.8785,0.8785,0.8785,0.878,0.879,2.4192896,1.9891183494901266,3.6288344,0.0001,Inf,4.8384792,5.239974494815488,3.6288344,0.0001,Inf,-340.15814676266757,2023-02-09 19:22:51,Estimated parameters after simple MLE with no GLS (no trend)
8,4,60,0.8785,0.8785,0.8785,0.878,0.879,2.4192896,3.1105878519743086,3.6288344,0.0001,Inf,4.8384792,5.3868381759125,3.6288344,0.0001,Inf,-344.37070379702664,2023-02-09 19:22:52,Estimated parameters after simple MLE with no GLS (no trend)
7,4,60,0.8785,0.8785,0.8785,0.878,0.879,2.4192896,1.7160646078528379,3.6288344,0.0001,Inf,7.2576688,14.816062553255698,3.6288344,0.0001,Inf,-405.46372317615413,2023-02-09 19:23:58,Estimated parameters after simple MLE with no GLS (no trend)
11,4,60,0.8785,0.8785,0.8785,0.878,0.879,2.4192896,0.7936458175442525,3.6288344,0.0001,Inf,7.2576688,8.87644085009696,3.6288344,0.0001,Inf,-367.5222380715806,2023-02-09 19:23:58,Estimated parameters after simple MLE with no GLS (no trend)
3,4,60,0.8785,0.8785,0.8785,0.878,0.879,2.4192896,1.988480896616433,3.6288344,0.0001,Inf,7.2576688,12.67174773496791,3.6288344,0.0001,Inf,-394.84597228401276,2023-02-09 19:24:04,Estimated parameters after simple MLE with no GLS (no trend)
10,4,60,0.8785,0.8785,0.8785,0.878,0.879,2.4192896,1.7752486139882961,3.6288344,0.0001,Inf,7.2576688,13.905082548640124,3.6288344,0.0001,Inf,-400.71330623487074,2023-02-09 19:24:08,Estimated parameters after simple MLE with no GLS (no trend)
5,4,60,0.8785,0.8785,0.8785,0.878,0.879,2.4192896,3.3976271211923357,3.6288344,0.0001,Inf,7.2576688,12.002625067198212,3.6288344,0.0001,Inf,-393.7775592499767,2023-02-09 19:24:11,Estimated parameters after simple MLE with no GLS (no trend)
12,4,60,0.8785,0.8785,0.8785,0.878,0.879,2.4192896,1.1370548697625376,3.6288344,0.0001,Inf,7.2576688,13.699428647725117,3.6288344,0.0001,Inf,-395.50980436310005,2023-02-09 19:24:11,Estimated parameters after simple MLE with no GLS (no trend)
14,4,60,0.8785,0.8785,0.8785,0.878,0.879,2.4192896,1.8241308485918692,3.6288344,0.0001,Inf,7.2576688,14.679840811669989,3.6288344,0.0001,Inf,-405.4445304080758,2023-02-09 19:24:12,Estimated parameters after simple MLE with no GLS (no trend)
20,4,60,0.8785,0.8785,0.8785,0.878,0.879,2.4192896,1.705101620050039,3.6288344,0.0001,Inf,7.2576688,16.093898377127598,3.6288344,0.0001,Inf,-412.28850696401656,2023-02-09 19:24:12,Estimated parameters after simple MLE with no GLS (no trend)
18,4,60,0.8785,0.8785,0.8785,0.878,0.879,2.4192896,2.962873206860259,3.6288344,0.0001,Inf,7.2576688,12.969286868592453,3.6288344,0.0001,Inf,-397.29829184950756,2023-02-09 19:24:12,Estimated parameters after simple MLE with no GLS (no trend)
17,4,60,0.8785,0.8785,0.8785,0.878,0.879,2.4192896,1.2189481805274234,3.6288344,0.0001,Inf,7.2576688,11.25713574788692,3.6288344,0.0001,Inf,-381.5870111873965,2023-02-09 19:24:12,Estimated parameters after simple MLE with no GLS (no trend)
19,4,60,0.8785,0.8785,0.8785,0.878,0.879,2.4192896,1.6004975947751672,3.6288344,0.0001,Inf,7.2576688,11.05331180832864,3.6288344,0.0001,Inf,-388.79949673421817,2023-02-09 19:24:12,Estimated parameters after simple MLE with no GLS (no trend)
1,4,60,0.8785,0.8785,0.8785,0.878,0.879,2.4192896,2.6316853029774814,3.6288344,0.0001,Inf,7.2576688,19.26692891940949,3.6288344,0.0001,Inf,-426.7137113278139,2023-02-09 19:24:13,Estimated parameters after simple MLE with no GLS (no trend)
16,4,60,0.8785,0.8785,0.8785,0.878,0.879,2.4192896,5.839197991563592,3.6288344,0.0001,Inf,7.2576688,12.405763973298024,3.6288344,0.0001,Inf,-404.91744487699395,2023-02-09 19:24:15,Estimated parameters after simple MLE with no GLS (no trend)
15,4,60,0.8785,0.8785,0.8785,0.878,0.879,2.4192896,2.6319363206759205,3.6288344,0.0001,Inf,7.2576688,19.638858274433346,3.6288344,0.0001,Inf,-428.31076583894077,2023-02-09 19:24:15,Estimated parameters after simple MLE with no GLS (no trend)
13,4,60,0.8785,0.8785,0.8785,0.878,0.879,2.4192896,3.895386544926662,3.6288344,0.0001,Inf,7.2576688,13.632202009623867,3.6288344,0.0001,Inf,-404.72827135500734,2023-02-09 19:24:17,Estimated parameters after simple MLE with no GLS (no trend)
9,4,60,0.8785,0.8785,0.8785,0.878,0.879,2.4192896,4.020817834556156,3.6288344,0.0001,Inf,7.2576688,11.09158644861855,3.6288344,0.0001,Inf,-391.2354381527233,2023-02-09 19:24:19,Estimated parameters after simple MLE with no GLS (no trend)
8,4,60,0.8785,0.8785,0.8785,0.878,0.879,2.4192896,4.122547991983939,3.6288344,0.0001,Inf,7.2576688,12.114867598322252,3.6288344,0.0001,Inf,-397.4573765178873,2023-02-09 19:24:29,Estimated parameters after simple MLE with no GLS (no trend)
6,4,60,0.8785,0.8785,0.8785,0.878,0.879,2.4192896,1.149877054720844,3.6288344,0.0001,Inf,7.2576688,13.40777966704136,3.6288344,0.0001,Inf,-393.9215865986343,2023-02-09 19:24:30,Estimated parameters after simple MLE with no GLS (no trend)
4,4,60,0.8785,0.8785,0.8785,0.878,0.879,2.4192896,3.3150759135126173,3.6288344,0.0001,Inf,7.2576688,9.179672543349925,3.6288344,0.0001,Inf,-376.02212375334926,2023-02-09 19:24:30,Estimated parameters after simple MLE with no GLS (no trend)
2,4,60,0.8785,0.8785,0.8785,0.878,0.879,2.4192896,3.4357689470506045,3.6288344,0.0001,Inf,7.2576688,17.336766382502294,3.6288344,0.0001,Inf,-421.0880744873326,2023-02-09 19:24:31,Estimated parameters after simple MLE with no GLS (no trend)
19,4,60,0.8785,0.8785,0.8785,0.878,0.879,4.8384792,3.771319643723143,3.6288344,0.0001,Inf,0.0001,0.00010899159712174367,3.6288344,0.0001,Inf,612.1637340359088,2023-02-09 19:27:07,Estimated parameters after simple MLE with no GLS (no trend)
7,4,60,0.8785,0.8785,0.8785,0.878,0.879,4.8384792,3.795074680607861,3.6288344,0.0001,Inf,0.0001,0.00012018332080510064,3.6288344,0.0001,Inf,608.193213782229,2023-02-09 19:27:07,Estimated parameters after simple MLE with no GLS (no trend)
1,4,60,0.8785,0.8785,0.8785,0.878,0.879,4.8384792,3.8454060038760756,3.6288344,0.0001,Inf,0.0001,0.00012168617915042645,3.6288344,0.0001,Inf,601.3288746355781,2023-02-09 19:27:18,Estimated parameters after simple MLE with no GLS (no trend)
10,4,60,0.8785,0.8785,0.8785,0.878,0.879,4.8384792,3.544781830880083,3.6288344,0.0001,Inf,0.0001,0.00010872121793026324,3.6288344,0.0001,Inf,613.8988518050918,2023-02-09 19:27:44,Estimated parameters after simple MLE with no GLS (no trend)
18,4,60,0.8785,0.8785,0.8785,0.878,0.879,4.8384792,3.8588173777097143,3.6288344,0.0001,Inf,0.0001,0.0001017519106354392,3.6288344,0.0001,Inf,621.0710700236381,2023-02-09 19:27:46,Estimated parameters after simple MLE with no GLS (no trend)
13,4,60,0.8785,0.8785,0.8785,0.878,0.879,4.8384792,3.7060129303435274,3.6288344,0.0001,Inf,0.0001,0.00010302301193743091,3.6288344,0.0001,Inf,618.7125868948993,2023-02-09 19:27:49,Estimated parameters after simple MLE with no GLS (no trend)
17,4,60,0.8785,0.8785,0.8785,0.878,0.879,4.8384792,2.7454134839165105,3.6288344,0.0001,Inf,0.0001,0.00010408500275982391,3.6288344,0.0001,Inf,633.6003002505959,2023-02-09 19:27:50,Estimated parameters after simple MLE with no GLS (no trend)
11,4,60,0.8785,0.8785,0.8785,0.878,0.879,4.8384792,2.1850189116679526,3.6288344,0.0001,Inf,0.0001,0.00010162195826746157,3.6288344,0.0001,Inf,637.6640153806516,2023-02-09 19:27:50,Estimated parameters after simple MLE with no GLS (no trend)
3,4,60,0.8785,0.8785,0.8785,0.878,0.879,4.8384792,2.8844847135683507,3.6288344,0.0001,Inf,0.0001,0.00010446296479837969,3.6288344,0.0001,Inf,624.1777751733172,2023-02-09 19:27:54,Estimated parameters after simple MLE with no GLS (no trend)
14,4,60,0.8785,0.8785,0.8785,0.878,0.879,4.8384792,3.2480197911622715,3.6288344,0.0001,Inf,0.0001,0.0001104577846366972,3.6288344,0.0001,Inf,612.6775801706467,2023-02-09 19:27:54,Estimated parameters after simple MLE with no GLS (no trend)
12,4,60,0.8785,0.8785,0.8785,0.878,0.879,4.8384792,3.8946503513178636,3.6288344,0.0001,Inf,0.0001,0.00010524946815237968,3.6288344,0.0001,Inf,614.8349355508948,2023-02-09 19:27:55,Estimated parameters after simple MLE with no GLS (no trend)
16,4,60,0.8785,0.8785,0.8785,0.878,0.879,4.8384792,3.9279082419905538,3.6288344,0.0001,Inf,0.0001,0.000101472204291575,3.6288344,0.0001,Inf,620.1547960121611,2023-02-09 19:27:57,Estimated parameters after simple MLE with no GLS (no trend)
15,4,60,0.8785,0.8785,0.8785,0.878,0.879,4.8384792,4.332627918003938,3.6288344,0.0001,Inf,0.0001,0.00012193573255192547,3.6288344,0.0001,Inf,596.9861454888571,2023-02-09 19:27:57,Estimated parameters after simple MLE with no GLS (no trend)
20,4,60,0.8785,0.8785,0.8785,0.878,0.879,4.8384792,3.7690565591931793,3.6288344,0.0001,Inf,0.0001,0.00011971437567215304,3.6288344,0.0001,Inf,603.2979120851312,2023-02-09 19:28:00,Estimated parameters after simple MLE with no GLS (no trend)
9,4,60,0.8785,0.8785,0.8785,0.878,0.879,4.8384792,4.242519225266089,3.6288344,0.0001,Inf,0.0001,0.0001006353863131082,3.6288344,0.0001,Inf,623.5515869218164,2023-02-09 19:28:06,Estimated parameters after simple MLE with no GLS (no trend)
5,4,60,0.8785,0.8785,0.8785,0.878,0.879,4.8384792,3.784665649578649,3.6288344,0.0001,Inf,0.0001,0.00010080782598143045,3.6288344,0.0001,Inf,624.3504512314189,2023-02-09 19:28:08,Estimated parameters after simple MLE with no GLS (no trend)
8,4,60,0.8785,0.8785,0.8785,0.878,0.879,4.8384792,4.97928955273963,3.6288344,0.0001,Inf,0.0001,0.00010073924604458995,3.6288344,0.0001,Inf,615.593257577104,2023-02-09 19:28:21,Estimated parameters after simple MLE with no GLS (no trend)
2,4,60,0.8785,0.8785,0.8785,0.878,0.879,4.8384792,4.129439342715843,3.6288344,0.0001,Inf,0.0001,0.00011521170598705055,3.6288344,0.0001,Inf,604.3887964240512,2023-02-09 19:28:34,Estimated parameters after simple MLE with no GLS (no trend)
4,4,60,0.8785,0.8785,0.8785,0.878,0.879,4.8384792,2.9247727106861645,3.6288344,0.0001,Inf,0.0001,0.00010011636517015532,3.6288344,0.0001,Inf,641.7946019541515,2023-02-09 19:28:39,Estimated parameters after simple MLE with no GLS (no trend)
6,4,60,0.8785,0.8785,0.8785,0.878,0.879,4.8384792,3.983133988130141,3.6288344,0.0001,Inf,0.0001,0.00010421345022182393,3.6288344,0.0001,Inf,615.3545918252855,2023-02-09 19:28:48,Estimated parameters after simple MLE with no GLS (no trend)
5,4,60,0.8785,0.8785,0.8785,0.878,0.879,4.8384792,4.345024576222755,3.6288344,0.0001,Inf,2.4192896,2.6420228453759025,3.6288344,0.0001,Inf,-289.56427386375026,2023-02-09 19:29:53,Estimated parameters after simple MLE with no GLS (no trend)
9,4,60,0.8785,0.8785,0.8785,0.878,0.879,4.8384792,4.741932707164923,3.6288344,0.0001,Inf,2.4192896,2.6032852370611894,3.6288344,0.0001,Inf,-290.2704665224943,2023-02-09 19:29:53,Estimated parameters after simple MLE with no GLS (no trend)
19,4,60,0.8785,0.8785,0.8785,0.878,0.879,4.8384792,3.7210987849371997,3.6288344,0.0001,Inf,2.4192896,2.9450909249065402,3.6288344,0.0001,Inf,-296.07625635102573,2023-02-09 19:29:56,Estimated parameters after simple MLE with no GLS (no trend)
16,4,60,0.8785,0.8785,0.8785,0.878,0.879,4.8384792,5.015726775306951,3.6288344,0.0001,Inf,2.4192896,2.6205924566967855,3.6288344,0.0001,Inf,-296.28815790827423,2023-02-09 19:29:57,Estimated parameters after simple MLE with no GLS (no trend)
18,4,60,0.8785,0.8785,0.8785,0.878,0.879,4.8384792,4.219349240284165,3.6288344,0.0001,Inf,2.4192896,2.675511747523149,3.6288344,0.0001,Inf,-291.0342098291886,2023-02-09 19:30:03,Estimated parameters after simple MLE with no GLS (no trend)
1,4,60,0.8785,0.8785,0.8785,0.878,0.879,4.8384792,4.20042230506541,3.6288344,0.0001,Inf,2.4192896,3.0840514399138863,3.6288344,0.0001,Inf,-309.74349501060067,2023-02-09 19:30:04,Estimated parameters after simple MLE with no GLS (no trend)
10,4,60,0.8785,0.8785,0.8785,0.878,0.879,4.8384792,3.629020035495699,3.6288344,0.0001,Inf,2.4192896,2.9394631273431364,3.6288344,0.0001,Inf,-294.99602576374866,2023-02-09 19:30:05,Estimated parameters after simple MLE with no GLS (no trend)
3,4,60,0.8785,0.8785,0.8785,0.878,0.879,4.8384792,3.5588936512739773,3.6288344,0.0001,Inf,2.4192896,2.7639098429421654,3.6288344,0.0001,Inf,-289.6348131969625,2023-02-09 19:30:05,Estimated parameters after simple MLE with no GLS (no trend)
11,4,60,0.8785,0.8785,0.8785,0.878,0.879,4.8384792,2.6728203854643526,3.6288344,0.0001,Inf,2.4192896,2.6517716031436973,3.6288344,0.0001,Inf,-272.2355761658755,2023-02-09 19:30:05,Estimated parameters after simple MLE with no GLS (no trend)
12,4,60,0.8785,0.8785,0.8785,0.878,0.879,4.8384792,3.9133885524873038,3.6288344,0.0001,Inf,2.4192896,2.765984989599229,3.6288344,0.0001,Inf,-293.9776681870682,2023-02-09 19:30:05,Estimated parameters after simple MLE with no GLS (no trend)
17,4,60,0.8785,0.8785,0.8785,0.878,0.879,4.8384792,3.3247880823330465,3.6288344,0.0001,Inf,2.4192896,2.639308442986609,3.6288344,0.0001,Inf,-278.85397148740867,2023-02-09 19:30:05,Estimated parameters after simple MLE with no GLS (no trend)
20,4,60,0.8785,0.8785,0.8785,0.878,0.879,4.8384792,3.7451149140059403,3.6288344,0.0001,Inf,2.4192896,3.0943724983003915,3.6288344,0.0001,Inf,-304.73320669753826,2023-02-09 19:30:05,Estimated parameters after simple MLE with no GLS (no trend)
14,4,60,0.8785,0.8785,0.8785,0.878,0.879,4.8384792,3.680806254334457,3.6288344,0.0001,Inf,2.4192896,3.005925844624878,3.6288344,0.0001,Inf,-299.0423543927453,2023-02-09 19:30:05,Estimated parameters after simple MLE with no GLS (no trend)
13,4,60,0.8785,0.8785,0.8785,0.878,0.879,4.8384792,4.311650720088886,3.6288344,0.0001,Inf,2.4192896,2.705765680762157,3.6288344,0.0001,Inf,-294.7692460740066,2023-02-09 19:30:05,Estimated parameters after simple MLE with no GLS (no trend)
7,4,60,0.8785,0.8785,0.8785,0.878,0.879,4.8384792,3.941554333708959,3.6288344,0.0001,Inf,2.4192896,3.0131277731242463,3.6288344,0.0001,Inf,-301.8027297037181,2023-02-09 19:30:06,Estimated parameters after simple MLE with no GLS (no trend)
15,4,60,0.8785,0.8785,0.8785,0.878,0.879,4.8384792,4.710116404304228,3.6288344,0.0001,Inf,2.4192896,3.0371231199026214,3.6288344,0.0001,Inf,-313.1963650424167,2023-02-09 19:30:06,Estimated parameters after simple MLE with no GLS (no trend)
6,4,60,0.8785,0.8785,0.8785,0.878,0.879,4.8384792,3.9520658514973652,3.6288344,0.0001,Inf,2.4192896,2.7482567735751005,3.6288344,0.0001,Inf,-293.2592915860272,2023-02-09 19:30:18,Estimated parameters after simple MLE with no GLS (no trend)
8,4,60,0.8785,0.8785,0.8785,0.878,0.879,4.8384792,5.209421552226412,3.6288344,0.0001,Inf,2.4192896,2.5934622870784647,3.6288344,0.0001,Inf,-295.7193667203281,2023-02-09 19:30:22,Estimated parameters after simple MLE with no GLS (no trend)
4,4,60,0.8785,0.8785,0.8785,0.878,0.879,4.8384792,3.6609969633245103,3.6288344,0.0001,Inf,2.4192896,2.5140892693790287,3.6288344,0.0001,Inf,-272.925074034447,2023-02-09 19:30:22,Estimated parameters after simple MLE with no GLS (no trend)
2,4,60,0.8785,0.8785,0.8785,0.878,0.879,4.8384792,4.552095386477216,3.6288344,0.0001,Inf,2.4192896,3.0121511983839033,3.6288344,0.0001,Inf,-308.02875487459926,2023-02-09 19:30:22,Estimated parameters after simple MLE with no GLS (no trend)
17,4,60,0.8785,0.8785,0.8785,0.878,0.879,4.8384792,3.7097229777925937,3.6288344,0.0001,Inf,4.8384792,5.479118194591055,3.6288344,0.0001,Inf,-345.7232360518234,2023-02-09 19:31:30,Estimated parameters after simple MLE with no GLS (no trend)
11,4,60,0.8785,0.8785,0.8785,0.878,0.879,4.8384792,2.6173814179111,3.6288344,0.0001,Inf,4.8384792,4.581547994127539,3.6288344,0.0001,Inf,-337.3397451133957,2023-02-09 19:31:37,Estimated parameters after simple MLE with no GLS (no trend)
20,4,60,0.8785,0.8785,0.8785,0.878,0.879,4.8384792,4.641325605588976,3.6288344,0.0001,Inf,4.8384792,7.911239526803428,3.6288344,0.0001,Inf,-374.30840343280784,2023-02-09 19:31:39,Estimated parameters after simple MLE with no GLS (no trend)
10,4,60,0.8785,0.8785,0.8785,0.878,0.879,4.8384792,4.28895843287233,3.6288344,0.0001,Inf,4.8384792,6.308803082288515,3.6288344,0.0001,Inf,-361.5658540174462,2023-02-09 19:31:40,Estimated parameters after simple MLE with no GLS (no trend)
7,4,60,0.8785,0.8785,0.8785,0.878,0.879,4.8384792,5.029550249301652,3.6288344,0.0001,Inf,4.8384792,6.913627503249904,3.6288344,0.0001,Inf,-369.0196040667883,2023-02-09 19:31:40,Estimated parameters after simple MLE with no GLS (no trend)
1,4,60,0.8785,0.8785,0.8785,0.878,0.879,4.8384792,5.984459571722743,3.6288344,0.0001,Inf,4.8384792,8.279957344949366,3.6288344,0.0001,Inf,-381.0859273826086,2023-02-09 19:31:40,Estimated parameters after simple MLE with no GLS (no trend)
19,4,60,0.8785,0.8785,0.8785,0.878,0.879,4.8384792,4.242541750385675,3.6288344,0.0001,Inf,4.8384792,6.320180890342914,3.6288344,0.0001,Inf,-361.3979190346418,2023-02-09 19:31:41,Estimated parameters after simple MLE with no GLS (no trend)
3,4,60,0.8785,0.8785,0.8785,0.878,0.879,4.8384792,4.388195863188575,3.6288344,0.0001,Inf,4.8384792,5.966935155778707,3.6288344,0.0001,Inf,-357.238658220723,2023-02-09 19:31:41,Estimated parameters after simple MLE with no GLS (no trend)
16,4,60,0.8785,0.8785,0.8785,0.878,0.879,4.8384792,8.830423970069836,3.6288344,0.0001,Inf,4.8384792,6.266145287539318,3.6288344,0.0001,Inf,-367.2599488035364,2023-02-09 19:31:43,Estimated parameters after simple MLE with no GLS (no trend)
12,4,60,0.8785,0.8785,0.8785,0.878,0.879,4.8384792,4.745780735180256,3.6288344,0.0001,Inf,4.8384792,6.172675112009385,3.6288344,0.0001,Inf,-359.97729495231727,2023-02-09 19:31:43,Estimated parameters after simple MLE with no GLS (no trend)
5,4,60,0.8785,0.8785,0.8785,0.878,0.879,4.8384792,6.61996737831044,3.6288344,0.0001,Inf,4.8384792,5.651518930627808,3.6288344,0.0001,Inf,-357.0059657902417,2023-02-09 19:31:44,Estimated parameters after simple MLE with no GLS (no trend)
13,4,60,0.8785,0.8785,0.8785,0.878,0.879,4.8384792,6.12876798567061,3.6288344,0.0001,Inf,4.8384792,5.907820016162196,3.6288344,0.0001,Inf,-362.52940012576346,2023-02-09 19:31:46,Estimated parameters after simple MLE with no GLS (no trend)
18,4,60,0.8785,0.8785,0.8785,0.878,0.879,4.8384792,5.932953055359631,3.6288344,0.0001,Inf,4.8384792,5.716911243285799,3.6288344,0.0001,Inf,-357.90556596811956,2023-02-09 19:31:46,Estimated parameters after simple MLE with no GLS (no trend)
15,4,60,0.8785,0.8785,0.8785,0.878,0.879,4.8384792,6.728909339986211,3.6288344,0.0001,Inf,4.8384792,8.649282130858323,3.6288344,0.0001,Inf,-385.15080157007696,2023-02-09 19:31:48,Estimated parameters after simple MLE with no GLS (no trend)
9,4,60,0.8785,0.8785,0.8785,0.878,0.879,4.8384792,7.3945520974040235,3.6288344,0.0001,Inf,4.8384792,5.3678737270117765,3.6288344,0.0001,Inf,-356.7536540412542,2023-02-09 19:31:48,Estimated parameters after simple MLE with no GLS (no trend)
14,4,60,0.8785,0.8785,0.8785,0.878,0.879,4.8384792,4.5725698852954295,3.6288344,0.0001,Inf,4.8384792,6.897406734553386,3.6288344,0.0001,Inf,-367.1530813950856,2023-02-09 19:31:48,Estimated parameters after simple MLE with no GLS (no trend)
4,4,60,0.8785,0.8785,0.8785,0.878,0.879,4.8384792,4.853352616265207,3.6288344,0.0001,Inf,4.8384792,4.321407893887541,3.6288344,0.0001,Inf,-338.52485021518,2023-02-09 19:32:01,Estimated parameters after simple MLE with no GLS (no trend)
8,4,60,0.8785,0.8785,0.8785,0.878,0.879,4.8384792,8.26561171019356,3.6288344,0.0001,Inf,4.8384792,5.933922654872546,3.6288344,0.0001,Inf,-363.493614938546,2023-02-09 19:32:03,Estimated parameters after simple MLE with no GLS (no trend)
2,4,60,0.8785,0.8785,0.8785,0.878,0.879,4.8384792,6.993971820750984,3.6288344,0.0001,Inf,4.8384792,7.6585723422883,3.6288344,0.0001,Inf,-378.4896825497971,2023-02-09 19:32:04,Estimated parameters after simple MLE with no GLS (no trend)
6,4,60,0.8785,0.8785,0.8785,0.878,0.879,4.8384792,4.760507164834733,3.6288344,0.0001,Inf,4.8384792,5.964699189143949,3.6288344,0.0001,Inf,-358.67382215901466,2023-02-09 19:32:05,Estimated parameters after simple MLE with no GLS (no trend)
11,4,60,0.8785,0.8785,0.8785,0.878,0.879,4.8384792,1.9321068232439593,3.6288344,0.0001,Inf,7.2576688,11.531366028967064,3.6288344,0.0001,Inf,-387.29764840556857,2023-02-09 19:33:22,Estimated parameters after simple MLE with no GLS (no trend)
12,4,60,0.8785,0.8785,0.8785,0.878,0.879,4.8384792,6.106478868662268,3.6288344,0.0001,Inf,7.2576688,14.059222561495927,3.6288344,0.0001,Inf,-414.13249030490607,2023-02-09 19:33:24,Estimated parameters after simple MLE with no GLS (no trend)
15,4,60,0.8785,0.8785,0.8785,0.878,0.879,4.8384792,9.120121576993219,3.6288344,0.0001,Inf,7.2576688,19.13619438523019,3.6288344,0.0001,Inf,-443.5336302312638,2023-02-09 19:33:31,Estimated parameters after simple MLE with no GLS (no trend)
14,4,60,0.8785,0.8785,0.8785,0.878,0.879,4.8384792,6.3885308389433995,3.6288344,0.0001,Inf,7.2576688,16.349624598261926,3.6288344,0.0001,Inf,-425.68776300298236,2023-02-09 19:33:31,Estimated parameters after simple MLE with no GLS (no trend)
10,4,60,0.8785,0.8785,0.8785,0.878,0.879,4.8384792,5.946195838868444,3.6288344,0.0001,Inf,7.2576688,15.175393717356977,3.6288344,0.0001,Inf,-419.08449829928435,2023-02-09 19:33:33,Estimated parameters after simple MLE with no GLS (no trend)
18,4,60,0.8785,0.8785,0.8785,0.878,0.879,4.8384792,8.141306410560162,3.6288344,0.0001,Inf,7.2576688,12.487593238759393,3.6288344,0.0001,Inf,-410.8553865878782,2023-02-09 19:33:33,Estimated parameters after simple MLE with no GLS (no trend)
13,4,60,0.8785,0.8785,0.8785,0.878,0.879,4.8384792,9.20455478888496,3.6288344,0.0001,Inf,7.2576688,13.628073680409498,3.6288344,0.0001,Inf,-418.7827174329035,2023-02-09 19:33:35,Estimated parameters after simple MLE with no GLS (no trend)
19,4,60,0.8785,0.8785,0.8785,0.878,0.879,4.8384792,5.401378681564548,3.6288344,0.0001,Inf,7.2576688,15.222469865915361,3.6288344,0.0001,Inf,-417.74105377601353,2023-02-09 19:33:36,Estimated parameters after simple MLE with no GLS (no trend)
20,4,60,0.8785,0.8785,0.8785,0.878,0.879,4.8384792,6.289726925522913,3.6288344,0.0001,Inf,7.2576688,18.164348250533,3.6288344,0.0001,Inf,-433.3517632251785,2023-02-09 19:33:36,Estimated parameters after simple MLE with no GLS (no trend)
16,4,60,0.8785,0.8785,0.8785,0.878,0.879,4.8384792,12.528454867918285,3.6288344,0.0001,Inf,7.2576688,13.494906521545039,3.6288344,0.0001,Inf,-422.7969678142619,2023-02-09 19:33:36,Estimated parameters after simple MLE with no GLS (no trend)
1,4,60,0.8785,0.8785,0.8785,0.878,0.879,4.8384792,8.419205930665052,3.6288344,0.0001,Inf,7.2576688,18.70510286887063,3.6288344,0.0001,Inf,-440.4159252451979,2023-02-09 19:33:36,Estimated parameters after simple MLE with no GLS (no trend)
17,4,60,0.8785,0.8785,0.8785,0.878,0.879,4.8384792,4.857203771578696,3.6288344,0.0001,Inf,7.2576688,11.404987319421156,3.6288344,0.0001,Inf,-396.29750967629735,2023-02-09 19:33:36,Estimated parameters after simple MLE with no GLS (no trend)
5,4,60,0.8785,0.8785,0.8785,0.878,0.879,4.8384792,8.770594244149072,3.6288344,0.0001,Inf,7.2576688,11.879805299426545,3.6288344,0.0001,Inf,-408.6561217273916,2023-02-09 19:33:36,Estimated parameters after simple MLE with no GLS (no trend)
9,4,60,0.8785,0.8785,0.8785,0.878,0.879,4.8384792,10.091409353425137,3.6288344,0.0001,Inf,7.2576688,11.583090522736045,3.6288344,0.0001,Inf,-408.930349652747,2023-02-09 19:33:36,Estimated parameters after simple MLE with no GLS (no trend)
3,4,60,0.8785,0.8785,0.8785,0.878,0.879,4.8384792,6.1475746787547845,3.6288344,0.0001,Inf,7.2576688,13.755819941844543,3.6288344,0.0001,Inf,-412.7377966825893,2023-02-09 19:33:36,Estimated parameters after simple MLE with no GLS (no trend)
7,4,60,0.8785,0.8785,0.8785,0.878,0.879,4.8384792,6.856361863641963,3.6288344,0.0001,Inf,7.2576688,16.35140419094675,3.6288344,0.0001,Inf,-426.865661966726,2023-02-09 19:33:36,Estimated parameters after simple MLE with no GLS (no trend)
6,4,60,0.8785,0.8785,0.8785,0.878,0.879,4.8384792,6.146791238004026,3.6288344,0.0001,Inf,7.2576688,13.711751468838926,3.6288344,0.0001,Inf,-412.515147694769,2023-02-09 19:33:57,Estimated parameters after simple MLE with no GLS (no trend)
4,4,60,0.8785,0.8785,0.8785,0.878,0.879,4.8384792,6.743953199702636,3.6288344,0.0001,Inf,7.2576688,8.861922189949048,3.6288344,0.0001,Inf,-386.59533465350313,2023-02-09 19:33:58,Estimated parameters after simple MLE with no GLS (no trend)
8,4,60,0.8785,0.8785,0.8785,0.878,0.879,4.8384792,10.870908124550102,3.6288344,0.0001,Inf,7.2576688,12.666813153110088,3.6288344,0.0001,Inf,-416.18671470572605,2023-02-09 19:33:58,Estimated parameters after simple MLE with no GLS (no trend)
2,4,60,0.8785,0.8785,0.8785,0.878,0.879,4.8384792,9.821400622309822,3.6288344,0.0001,Inf,7.2576688,17.13475082098494,3.6288344,0.0001,Inf,-436.4144058375373,2023-02-09 19:33:58,Estimated parameters after simple MLE with no GLS (no trend)
1,4,60,0.8785,0.8785,0.8785,0.878,0.879,7.2576688,5.9810178216506795,3.6288344,0.0001,Inf,0.0001,0.0001197505211933958,3.6288344,0.0001,Inf,589.3970927997387,2023-02-09 19:36:02,Estimated parameters after simple MLE with no GLS (no trend)
10,4,60,0.8785,0.8785,0.8785,0.878,0.879,7.2576688,5.49836244022125,3.6288344,0.0001,Inf,0.0001,0.00011653573914260917,3.6288344,0.0001,Inf,601.7272509567036,2023-02-09 19:36:31,Estimated parameters after simple MLE with no GLS (no trend)
13,4,60,0.8785,0.8785,0.8785,0.878,0.879,7.2576688,5.756097394703799,3.6288344,0.0001,Inf,0.0001,0.00010583397847208076,3.6288344,0.0001,Inf,606.7143805587535,2023-02-09 19:36:31,Estimated parameters after simple MLE with no GLS (no trend)
14,4,60,0.8785,0.8785,0.8785,0.878,0.879,7.2576688,5.0224345020851615,3.6288344,0.0001,Inf,0.0001,0.00011338294345408784,3.6288344,0.0001,Inf,600.7502051562419,2023-02-09 19:36:42,Estimated parameters after simple MLE with no GLS (no trend)
18,4,60,0.8785,0.8785,0.8785,0.878,0.879,7.2576688,6.002513780128719,3.6288344,0.0001,Inf,0.0001,0.00010182661626689793,3.6288344,0.0001,Inf,609.1468522012394,2023-02-09 19:36:54,Estimated parameters after simple MLE with no GLS (no trend)
19,4,60,0.8785,0.8785,0.8785,0.878,0.879,7.2576688,5.862314307023253,3.6288344,0.0001,Inf,0.0001,0.00010876792280933856,3.6288344,0.0001,Inf,600.2364625707095,2023-02-09 19:36:54,Estimated parameters after simple MLE with no GLS (no trend)
20,4,60,0.8785,0.8785,0.8785,0.878,0.879,7.2576688,5.858982589807594,3.6288344,0.0001,Inf,0.0001,0.00011785811965037141,3.6288344,0.0001,Inf,591.3585643163947,2023-02-09 19:36:55,Estimated parameters after simple MLE with no GLS (no trend)
12,4,60,0.8785,0.8785,0.8785,0.878,0.879,7.2576688,6.060970547888398,3.6288344,0.0001,Inf,0.0001,0.00010568926514986643,3.6288344,0.0001,Inf,602.9073957054401,2023-02-09 19:36:56,Estimated parameters after simple MLE with no GLS (no trend)
16,4,60,0.8785,0.8785,0.8785,0.878,0.879,7.2576688,6.112718350403041,3.6288344,0.0001,Inf,0.0001,0.00010186510744158994,3.6288344,0.0001,Inf,608.2284914709913,2023-02-09 19:37:02,Estimated parameters after simple MLE with no GLS (no trend)
15,4,60,0.8785,0.8785,0.8785,0.878,0.879,7.2576688,6.770493882268243,3.6288344,0.0001,Inf,0.0001,0.00012229044042610937,3.6288344,0.0001,Inf,585.0807992978183,2023-02-09 19:37:03,Estimated parameters after simple MLE with no GLS (no trend)
7,4,60,0.8785,0.8785,0.8785,0.878,0.879,7.2576688,5.900039386456106,3.6288344,0.0001,Inf,0.0001,0.00011354387477213734,3.6288344,0.0001,Inf,596.4431331778097,2023-02-09 19:37:05,Estimated parameters after simple MLE with no GLS (no trend)
9,4,60,0.8785,0.8785,0.8785,0.878,0.879,7.2576688,6.623023898283838,3.6288344,0.0001,Inf,0.0001,0.00010095287718359103,3.6288344,0.0001,Inf,611.619911675633,2023-02-09 19:37:06,Estimated parameters after simple MLE with no GLS (no trend)
11,4,60,0.8785,0.8785,0.8785,0.878,0.879,7.2576688,3.344527245860891,3.6288344,0.0001,Inf,0.0001,0.00010115227939078153,3.6288344,0.0001,Inf,625.6773804122562,2023-02-09 19:37:08,Estimated parameters after simple MLE with no GLS (no trend)
3,4,60,0.8785,0.8785,0.8785,0.878,0.879,7.2576688,4.444031327264493,3.6288344,0.0001,Inf,0.0001,0.00010442788920528301,3.6288344,0.0001,Inf,612.2170741881644,2023-02-09 19:37:12,Estimated parameters after simple MLE with no GLS (no trend)
17,4,60,0.8785,0.8785,0.8785,0.878,0.879,7.2576688,4.224358419455093,3.6288344,0.0001,Inf,0.0001,0.00010079963939935155,3.6288344,0.0001,Inf,621.8748443520461,2023-02-09 19:37:13,Estimated parameters after simple MLE with no GLS (no trend)
5,4,60,0.8785,0.8785,0.8785,0.878,0.879,7.2576688,5.882378203663,3.6288344,0.0001,Inf,0.0001,0.00010112767123837685,3.6288344,0.0001,Inf,612.4104694734308,2023-02-09 19:37:15,Estimated parameters after simple MLE with no GLS (no trend)
2,4,60,0.8785,0.8785,0.8785,0.878,0.879,7.2576688,6.439807833472741,3.6288344,0.0001,Inf,0.0001,0.00011543062467955778,3.6288344,0.0001,Inf,592.477300259219,2023-02-09 19:37:25,Estimated parameters after simple MLE with no GLS (no trend)
4,4,60,0.8785,0.8785,0.8785,0.878,0.879,7.2576688,4.50812320377749,3.6288344,0.0001,Inf,0.0001,0.0001014980463067694,3.6288344,0.0001,Inf,629.6155011837881,2023-02-09 19:37:44,Estimated parameters after simple MLE with no GLS (no trend)
6,4,60,0.8785,0.8785,0.8785,0.878,0.879,7.2576688,6.2040034109975455,3.6288344,0.0001,Inf,0.0001,0.00010464769765894388,3.6288344,0.0001,Inf,603.4287492313905,2023-02-09 19:37:50,Estimated parameters after simple MLE with no GLS (no trend)
8,4,60,0.8785,0.8785,0.8785,0.878,0.879,7.2576688,7.82960422681559,3.6288344,0.0001,Inf,0.0001,0.00010170842681134218,3.6288344,0.0001,Inf,603.6557549726509,2023-02-09 19:37:50,Estimated parameters after simple MLE with no GLS (no trend)
15,4,60,0.8785,0.8785,0.8785,0.878,0.879,7.2576688,8.745473593536548,3.6288344,0.0001,Inf,2.4192896,2.9488252730121736,3.6288344,0.0001,Inf,-324.6480660648742,2023-02-09 19:38:47,Estimated parameters after simple MLE with no GLS (no trend)
13,4,60,0.8785,0.8785,0.8785,0.878,0.879,7.2576688,5.599630643998972,3.6288344,0.0001,Inf,2.4192896,2.935713800851448,3.6288344,0.0001,Inf,-306.9927147542028,2023-02-09 19:38:52,Estimated parameters after simple MLE with no GLS (no trend)
7,4,60,0.8785,0.8785,0.8785,0.878,0.879,7.2576688,6.02538821109796,3.6288344,0.0001,Inf,2.4192896,2.8927806573891592,3.6288344,0.0001,Inf,-312.9317750665374,2023-02-09 19:38:53,Estimated parameters after simple MLE with no GLS (no trend)
19,4,60,0.8785,0.8785,0.8785,0.878,0.879,7.2576688,5.185936980375179,3.6288344,0.0001,Inf,2.4192896,2.961164625063949,3.6288344,0.0001,Inf,-308.18918025253106,2023-02-09 19:38:54,Estimated parameters after simple MLE with no GLS (no trend)
17,4,60,0.8785,0.8785,0.8785,0.878,0.879,7.2576688,4.446917207164276,3.6288344,0.0001,Inf,2.4192896,2.632237184886739,3.6288344,0.0001,Inf,-289.83257328560074,2023-02-09 19:38:55,Estimated parameters after simple MLE with no GLS (no trend)
10,4,60,0.8785,0.8785,0.8785,0.878,0.879,7.2576688,4.932760689498426,3.6288344,0.0001,Inf,2.4192896,2.9696110922511836,3.6288344,0.0001,Inf,-306.74840738459324,2023-02-09 19:38:55,Estimated parameters after simple MLE with no GLS (no trend)
18,4,60,0.8785,0.8785,0.8785,0.878,0.879,7.2576688,6.528911875540128,3.6288344,0.0001,Inf,2.4192896,2.498251838389194,3.6288344,0.0001,Inf,-301.448367109802,2023-02-09 19:38:57,Estimated parameters after simple MLE with no GLS (no trend)
12,4,60,0.8785,0.8785,0.8785,0.878,0.879,7.2576688,5.296692588048415,3.6288344,0.0001,Inf,2.4192896,2.948858746550428,3.6288344,0.0001,Inf,-306.7492096596357,2023-02-09 19:38:58,Estimated parameters after simple MLE with no GLS (no trend)
20,4,60,0.8785,0.8785,0.8785,0.878,0.879,7.2576688,6.1203293027110774,3.6288344,0.0001,Inf,2.4192896,2.8848241186501498,3.6288344,0.0001,Inf,-315.96979630489824,2023-02-09 19:38:58,Estimated parameters after simple MLE with no GLS (no trend)
16,4,60,0.8785,0.8785,0.8785,0.878,0.879,7.2576688,6.270882002691005,3.6288344,0.0001,Inf,2.4192896,2.926403050478817,3.6288344,0.0001,Inf,-308.8400076962351,2023-02-09 19:38:59,Estimated parameters after simple MLE with no GLS (no trend)
5,4,60,0.8785,0.8785,0.8785,0.878,0.879,7.2576688,6.629416119136666,3.6288344,0.0001,Inf,2.4192896,2.4799212694221264,3.6288344,0.0001,Inf,-299.72127830279385,2023-02-09 19:38:59,Estimated parameters after simple MLE with no GLS (no trend)
11,4,60,0.8785,0.8785,0.8785,0.878,0.879,7.2576688,3.4751319673469414,3.6288344,0.0001,Inf,2.4192896,2.6813705218849258,3.6288344,0.0001,Inf,-283.28247361566304,2023-02-09 19:38:59,Estimated parameters after simple MLE with no GLS (no trend)
9,4,60,0.8785,0.8785,0.8785,0.878,0.879,7.2576688,7.517606584788819,3.6288344,0.0001,Inf,2.4192896,2.4150680790484924,3.6288344,0.0001,Inf,-300.2287886578261,2023-02-09 19:39:00,Estimated parameters after simple MLE with no GLS (no trend)
3,4,60,0.8785,0.8785,0.8785,0.878,0.879,7.2576688,4.660997908763587,3.6288344,0.0001,Inf,2.4192896,2.9182704286057084,3.6288344,0.0001,Inf,-301.2127460596627,2023-02-09 19:39:00,Estimated parameters after simple MLE with no GLS (no trend)
14,4,60,0.8785,0.8785,0.8785,0.878,0.879,7.2576688,5.17149200074638,3.6288344,0.0001,Inf,2.4192896,2.962167121330384,3.6288344,0.0001,Inf,-310.09570032098407,2023-02-09 19:39:01,Estimated parameters after simple MLE with no GLS (no trend)
1,4,60,0.8785,0.8785,0.8785,0.878,0.879,7.2576688,5.102599804809543,3.6288344,0.0001,Inf,2.4192896,3.3465876398051853,3.6288344,0.0001,Inf,-322.47251261471365,2023-02-09 19:39:01,Estimated parameters after simple MLE with no GLS (no trend)
8,4,60,0.8785,0.8785,0.8785,0.878,0.879,7.2576688,6.663812215855168,3.6288344,0.0001,Inf,2.4192896,2.921141892651944,3.6288344,0.0001,Inf,-309.65753617004265,2023-02-09 19:39:13,Estimated parameters after simple MLE with no GLS (no trend)
6,4,60,0.8785,0.8785,0.8785,0.878,0.879,7.2576688,5.329516595232034,3.6288344,0.0001,Inf,2.4192896,2.9416933002963557,3.6288344,0.0001,Inf,-306.2158028882784,2023-02-09 19:39:14,Estimated parameters after simple MLE with no GLS (no trend)
4,4,60,0.8785,0.8785,0.8785,0.878,0.879,7.2576688,4.80265940080036,3.6288344,0.0001,Inf,2.4192896,2.543149923917695,3.6288344,0.0001,Inf,-283.7793228862777,2023-02-09 19:39:15,Estimated parameters after simple MLE with no GLS (no trend)
2,4,60,0.8785,0.8785,0.8785,0.878,0.879,7.2576688,8.51805833849599,3.6288344,0.0001,Inf,2.4192896,2.7136067344971164,3.6288344,0.0001,Inf,-318.6965410614634,2023-02-09 19:39:16,Estimated parameters after simple MLE with no GLS (no trend)
11,4,60,0.8785,0.8785,0.8785,0.878,0.879,7.2576688,3.769305691293056,3.6288344,0.0001,Inf,4.8384792,6.035072646197488,3.6288344,0.0001,Inf,-349.9560080772698,2023-02-09 19:40:28,Estimated parameters after simple MLE with no GLS (no trend)
18,4,60,0.8785,0.8785,0.8785,0.878,0.879,7.2576688,11.639098059930605,3.6288344,0.0001,Inf,4.8384792,6.732910879694487,3.6288344,0.0001,Inf,-373.6322183790165,2023-02-09 19:40:35,Estimated parameters after simple MLE with no GLS (no trend)
1,4,60,0.8785,0.8785,0.8785,0.878,0.879,7.2576688,11.525815423336525,3.6288344,0.0001,Inf,4.8384792,9.677348936145815,3.6288344,0.0001,Inf,-398.1583307591434,2023-02-09 19:40:35,Estimated parameters after simple MLE with no GLS (no trend)
3,4,60,0.8785,0.8785,0.8785,0.878,0.879,7.2576688,7.651760549853812,3.6288344,0.0001,Inf,4.8384792,6.512902741178047,3.6288344,0.0001,Inf,-369.1929514435872,2023-02-09 19:40:37,Estimated parameters after simple MLE with no GLS (no trend)
5,4,60,0.8785,0.8785,0.8785,0.878,0.879,7.2576688,12.715886557325726,3.6288344,0.0001,Inf,4.8384792,6.536707851653967,3.6288344,0.0001,Inf,-372.44938752102263,2023-02-09 19:40:39,Estimated parameters after simple MLE with no GLS (no trend)
19,4,60,0.8785,0.8785,0.8785,0.878,0.879,7.2576688,8.268502614019198,3.6288344,0.0001,Inf,4.8384792,7.255119991560514,3.6288344,0.0001,Inf,-376.36938894147943,2023-02-09 19:40:45,Estimated parameters after simple MLE with no GLS (no trend)
20,4,60,0.8785,0.8785,0.8785,0.878,0.879,7.2576688,8.836253346005487,3.6288344,0.0001,Inf,4.8384792,8.764191203564243,3.6288344,0.0001,Inf,-388.9141311408268,2023-02-09 19:40:46,Estimated parameters after simple MLE with no GLS (no trend)
17,4,60,0.8785,0.8785,0.8785,0.878,0.879,7.2576688,6.613655536286219,3.6288344,0.0001,Inf,4.8384792,5.586281677013749,3.6288344,0.0001,Inf,-356.3357560764946,2023-02-09 19:40:46,Estimated parameters after simple MLE with no GLS (no trend)
16,4,60,0.8785,0.8785,0.8785,0.878,0.879,7.2576688,16.82224397514158,3.6288344,0.0001,Inf,4.8384792,7.505096884426232,3.6288344,0.0001,Inf,-384.6554603684724,2023-02-09 19:40:47,Estimated parameters after simple MLE with no GLS (no trend)
13,4,60,0.8785,0.8785,0.8785,0.878,0.879,7.2576688,12.289026367697842,3.6288344,0.0001,Inf,4.8384792,7.3025670486235175,3.6288344,0.0001,Inf,-379.4882945425152,2023-02-09 19:40:47,Estimated parameters after simple MLE with no GLS (no trend)
14,4,60,0.8785,0.8785,0.8785,0.878,0.879,7.2576688,8.476509725322478,3.6288344,0.0001,Inf,4.8384792,7.824426171089561,3.6288344,0.0001,Inf,-381.32329235806634,2023-02-09 19:40:47,Estimated parameters after simple MLE with no GLS (no trend)
15,4,60,0.8785,0.8785,0.8785,0.878,0.879,7.2576688,13.364284532543245,3.6288344,0.0001,Inf,4.8384792,10.265077625205478,3.6288344,0.0001,Inf,-403.93760233387366,2023-02-09 19:40:48,Estimated parameters after simple MLE with no GLS (no trend)
10,4,60,0.8785,0.8785,0.8785,0.878,0.879,7.2576688,7.918409807133784,3.6288344,0.0001,Inf,4.8384792,7.156665773114671,3.6288344,0.0001,Inf,-375.26178498097977,2023-02-09 19:40:48,Estimated parameters after simple MLE with no GLS (no trend)
9,4,60,0.8785,0.8785,0.8785,0.878,0.879,7.2576688,15.430384814732303,3.6288344,0.0001,Inf,4.8384792,6.548695676390489,3.6288344,0.0001,Inf,-374.591742081134,2023-02-09 19:40:48,Estimated parameters after simple MLE with no GLS (no trend)
12,4,60,0.8785,0.8785,0.8785,0.878,0.879,7.2576688,9.263159869449666,3.6288344,0.0001,Inf,4.8384792,7.036416538654713,3.6288344,0.0001,Inf,-375.0314233951689,2023-02-09 19:40:48,Estimated parameters after simple MLE with no GLS (no trend)
7,4,60,0.8785,0.8785,0.8785,0.878,0.879,7.2576688,9.97280061017439,3.6288344,0.0001,Inf,4.8384792,8.210433447114749,3.6288344,0.0001,Inf,-385.6824413491259,2023-02-09 19:40:48,Estimated parameters after simple MLE with no GLS (no trend)
2,4,60,0.8785,0.8785,0.8785,0.878,0.879,7.2576688,13.914806730743742,3.6288344,0.0001,Inf,4.8384792,9.302835614163255,3.6288344,0.0001,Inf,-397.40376290587153,2023-02-09 19:41:02,Estimated parameters after simple MLE with no GLS (no trend)
4,4,60,0.8785,0.8785,0.8785,0.878,0.879,7.2576688,8.547266209301698,3.6288344,0.0001,Inf,4.8384792,4.738446682321711,3.6288344,0.0001,Inf,-349.3636240430527,2023-02-09 19:41:02,Estimated parameters after simple MLE with no GLS (no trend)
6,4,60,0.8785,0.8785,0.8785,0.878,0.879,7.2576688,9.458761538435184,3.6288344,0.0001,Inf,4.8384792,6.935882172322572,3.6288344,0.0001,Inf,-374.2075917772999,2023-02-09 19:41:02,Estimated parameters after simple MLE with no GLS (no trend)
8,4,60,0.8785,0.8785,0.8785,0.878,0.879,7.2576688,17.290574164301272,3.6288344,0.0001,Inf,4.8384792,7.281216267909338,3.6288344,0.0001,Inf,-382.9587306578292,2023-02-09 19:41:04,Estimated parameters after simple MLE with no GLS (no trend)
7,4,60,0.8785,0.8785,0.8785,0.878,0.879,7.2576688,12.460177951040073,3.6288344,0.0001,Inf,7.2576688,17.01087288091538,3.6288344,0.0001,Inf,-439.9163232558288,2023-02-09 19:42:23,Estimated parameters after simple MLE with no GLS (no trend)
1,4,60,0.8785,0.8785,0.8785,0.878,0.879,7.2576688,14.43173091340215,3.6288344,0.0001,Inf,7.2576688,19.452366328025548,3.6288344,0.0001,Inf,-452.8302514087799,2023-02-09 19:42:26,Estimated parameters after simple MLE with no GLS (no trend)
18,4,60,0.8785,0.8785,0.8785,0.878,0.879,7.2576688,14.22133375697163,3.6288344,0.0001,Inf,7.2576688,13.726142706971638,3.6288344,0.0001,Inf,-425.9234788084473,2023-02-09 19:42:26,Estimated parameters after simple MLE with no GLS (no trend)
5,4,60,0.8785,0.8785,0.8785,0.878,0.879,7.2576688,15.31183034044546,3.6288344,0.0001,Inf,7.2576688,13.263063098065794,3.6288344,0.0001,Inf,-424.44733380058636,2023-02-09 19:42:27,Estimated parameters after simple MLE with no GLS (no trend)
10,4,60,0.8785,0.8785,0.8785,0.878,0.879,7.2576688,10.548492798801549,3.6288344,0.0001,Inf,7.2576688,15.59069767625745,3.6288344,0.0001,Inf,-430.62794591222604,2023-02-09 19:42:27,Estimated parameters after simple MLE with no GLS (no trend)
20,4,60,0.8785,0.8785,0.8785,0.878,0.879,7.2576688,11.370263864636183,3.6288344,0.0001,Inf,7.2576688,18.529040131674204,3.6288344,0.0001,Inf,-444.8710243208828,2023-02-09 19:42:28,Estimated parameters after simple MLE with no GLS (no trend)
9,4,60,0.8785,0.8785,0.8785,0.878,0.879,7.2576688,17.795216092499256,3.6288344,0.0001,Inf,7.2576688,13.134479839295109,3.6288344,0.0001,Inf,-425.92887897052356,2023-02-09 19:42:29,Estimated parameters after simple MLE with no GLS (no trend)
11,4,60,0.8785,0.8785,0.8785,0.878,0.879,7.2576688,4.558985828219944,3.6288344,0.0001,Inf,7.2576688,12.237583244663544,3.6288344,0.0001,Inf,-399.80204797777907,2023-02-09 19:42:30,Estimated parameters after simple MLE with no GLS (no trend)
17,4,60,0.8785,0.8785,0.8785,0.878,0.879,7.2576688,8.50084317308265,3.6288344,0.0001,Inf,7.2576688,11.682462089390066,3.6288344,0.0001,Inf,-407.07867015605,2023-02-09 19:42:31,Estimated parameters after simple MLE with no GLS (no trend)
19,4,60,0.8785,0.8785,0.8785,0.878,0.879,7.2576688,10.418419012750237,3.6288344,0.0001,Inf,7.2576688,15.575601693783183,3.6288344,0.0001,Inf,-430.35159350245016,2023-02-09 19:42:31,Estimated parameters after simple MLE with no GLS (no trend)
16,4,60,0.8785,0.8785,0.8785,0.878,0.879,7.2576688,20.297100909663957,3.6288344,0.0001,Inf,7.2576688,14.88431948623019,3.6288344,0.0001,Inf,-437.63490607758155,2023-02-09 19:42:33,Estimated parameters after simple MLE with no GLS (no trend)
12,4,60,0.8785,0.8785,0.8785,0.878,0.879,7.2576688,11.441161889445166,3.6288344,0.0001,Inf,7.2576688,14.738859770529363,3.6288344,0.0001,Inf,-427.8361648000849,2023-02-09 19:42:34,Estimated parameters after simple MLE with no GLS (no trend)
3,4,60,0.8785,0.8785,0.8785,0.878,0.879,7.2576688,10.57196585451213,3.6288344,0.0001,Inf,7.2576688,14.29946872756582,3.6288344,0.0001,Inf,-424.3888311898369,2023-02-09 19:42:34,Estimated parameters after simple MLE with no GLS (no trend)
14,4,60,0.8785,0.8785,0.8785,0.878,0.879,7.2576688,11.273998706395988,3.6288344,0.0001,Inf,7.2576688,16.812607440805085,3.6288344,0.0001,Inf,-437.34011699751807,2023-02-09 19:42:34,Estimated parameters after simple MLE with no GLS (no trend)
13,4,60,0.8785,0.8785,0.8785,0.878,0.879,7.2576688,15.388838766167238,3.6288344,0.0001,Inf,7.2576688,14.830477535712149,3.6288344,0.0001,Inf,-432.94767256949063,2023-02-09 19:42:34,Estimated parameters after simple MLE with no GLS (no trend)
15,4,60,0.8785,0.8785,0.8785,0.878,0.879,7.2576688,15.94877001448977,3.6288344,0.0001,Inf,7.2576688,20.038761691318378,3.6288344,0.0001,Inf,-456.9598085978476,2023-02-09 19:42:35,Estimated parameters after simple MLE with no GLS (no trend)
2,4,60,0.8785,0.8785,0.8785,0.878,0.879,7.2576688,16.761957871608335,3.6288344,0.0001,Inf,7.2576688,18.23703956371278,3.6288344,0.0001,Inf,-450.36842961369433,2023-02-09 19:42:48,Estimated parameters after simple MLE with no GLS (no trend)
8,4,60,0.8785,0.8785,0.8785,0.878,0.879,7.2576688,19.348010888770048,3.6288344,0.0001,Inf,7.2576688,14.272961549301593,3.6288344,0.0001,Inf,-433.5996327942552,2023-02-09 19:42:49,Estimated parameters after simple MLE with no GLS (no trend)
6,4,60,0.8785,0.8785,0.8785,0.878,0.879,7.2576688,11.558310476182477,3.6288344,0.0001,Inf,7.2576688,14.450564739604136,3.6288344,0.0001,Inf,-426.55549684832937,2023-02-09 19:42:50,Estimated parameters after simple MLE with no GLS (no trend)
4,4,60,0.8785,0.8785,0.8785,0.878,0.879,7.2576688,11.225999908604537,3.6288344,0.0001,Inf,7.2576688,9.997520512984746,3.6288344,0.0001,Inf,-400.12288199611527,2023-02-09 19:42:50,Estimated parameters after simple MLE with no GLS (no trend)
